"1090633","e5d384a5-133f-46c8-83f6-890de1a03916"
"1090633","21437039-2292-41e1-b669-6d653bfe35ca"
"1090633","1af49482-6cee-463b-8ba2-cb1a3f5b4393"
"1090633","e96463d4-4b9c-40b0-b009-c6ff8353577a"
"1090633","020990b3-e8d1-4e76-b606-7944fee1a263"
"1090633","42822e4e-0b8c-4984-9ef9-6886f1e45de2"
"1090633","591ede4b-0995-4975-98b2-2ebdff98b047"
"1090633","033572d2-75dd-4225-ae96-05fd99c855bd"
"1090633","ca3bcf4d-c3f3-43b3-8c8c-fb4ddf2eee65"
"1090633","1efa6a84-1600-4229-a248-5ce7321f7145"
"1090633","6d7e724b-3286-41d1-af37-d0e18015d477"
"1090633","6ad734db-feab-4653-8aec-4dfdca54a84d"
"1090633","359bdff1-548b-4d1e-9bbe-124802916d48"
"1090633","6ccfe2af-bf66-4680-830d-4d3feaba667b"
"1090633","5a745015-7f44-4b97-8198-bcea2f75899e"
"1090633","e83b6bd9-d7b3-412b-a2d3-2772700a63ac"
"1090633","3c883ca4-3063-4475-97cd-0df179df55f6"
"1090633","ed5ecc8d-507b-4424-93b2-8e5f0b896e3f"
"1090633","aff5657f-79e8-4e72-9e8c-93eb718af9ea"
"1090633","ba4be9f6-731d-4015-bded-b340693538dd"
"1090633","d8b97f7a-4cf8-4602-8a2f-1a8d54bafac7"
"1090633","6c8fb78a-4e08-431d-bd58-f4931460f896"
"1218767","343122f3-fae0-4e95-8770-b1d1009d591b"
"1218767","c18b2123-3e09-4d23-ba09-0345b5a8c81a"
"1218767","f26bd2ca-cea0-4fd2-a9d6-69e6dcef193b"
"1218767","a96b2faa-f254-4543-aefa-7681b98fa938"
"1218767","dd411794-2805-4e7a-bbc4-66b2c8104d25"
"1218767","b0832860-a5e7-4898-9843-35cc1f9ceff8"
"1218767","f11b9d4b-a749-42b1-8bf8-70d3cd9e6785"
"1218767","44ffe1e4-33d4-4fb9-b0c9-ad1e4bd7c0e4"
"1218767","7ddb9ab1-6744-44b0-8b4e-79204df2e967"
"1218767","25a4be0d-b299-4d7b-9a90-79dbdcaa4c94"
"1218767","51878acf-abc4-4226-906f-a2ed18bf0897"
"1218767","6a5b57fb-1945-41f2-afec-b83114e9844b"
"1218767","e749ceaf-da81-45bb-a8b8-0dc361760d07"
"1255982","b7d6913e-1c65-409e-879d-6f8500cdef46"
"1255982","75ed0e2a-eef7-4de6-babd-609c42624363"
"1255982","8b775d15-6b4f-46d7-8d07-c7adf32bd3d3"
"1255982","61f59b75-1274-421a-8ef8-58746b8ac9d6"
"1255982","f8dfca8a-91d7-445c-8aa0-ee1e3790132a"
"1255982","9b063c9e-8d41-4728-b309-a67a6baa8edd"
"1255982","1385ea53-c5ec-4658-9146-716778eaf727"
"1255982","703557e9-d89c-455f-af18-33d00cbb0697"
"1255982","3dac06fd-3542-42e0-aba3-3583accafc06"
"1255982","e3511fd6-5d76-45cc-8da7-65edad03e88f"
"1255982","d8db158a-1edb-4fda-b08b-7d3233b70f18"
"1255982","e44ccc8e-cb50-41e7-a4ef-00b6dda2227e"
"1255982","3f89f407-1ae2-422c-b9fb-48d077fa90c4"
"1255982","6522dcd6-64b1-4c45-98f2-c55bbb940d25"
"1255982","f102e07a-00c1-4165-8427-6501301f62d7"
"1255982","ca0d85f1-e965-4271-b51a-dbf17adc1a86"
"1255982","37940ad1-3a82-4f83-a630-a8a6a3b38467"
"1257097","2155a2af-783d-4ba4-a491-65d6e7d86c3b"
"1257097","fe6e8c8f-5a78-454c-a5f4-222e0829e117"
"1257097","2ffcce87-ddc4-4505-8b30-8edb90e3bf6d"
"1257097","62486a86-d4fa-4ea8-8e42-38c82dbfdd9f"
"1257097","a8512e26-4c42-416d-8e97-7c7f6e9edbc6"
"1257097","ae1a39ad-912c-496c-9b90-7637422e5b99"
"1257097","0f06a1ad-5711-4dfa-af21-22f5d9b3dd86"
"1257097","62f07207-27b8-4c3f-a96d-3a0ba67c52e5"
"1257097","19116f88-68de-420e-ade3-bc89b3bf56ac"
"1257097","14da195f-8c13-4537-b33d-246e1b679f84"
"1278587","48fa6ebf-47df-41b7-8c24-ad0e8bf5cbe2"
"1278587","980e288d-a23b-4356-8412-215aded71ecd"
"1278587","c5f3c116-33ff-47dc-81a0-bfa75cf44d7d"
"1278587","0e1f27a5-e536-4d36-863a-fcece8df1bf2"
"1278587","725372e2-a2d6-4862-a759-2bbbf14213f7"
"1278587","219ba415-31eb-4cc9-b5f2-f05db68e6c6b"
"1278587","4278e578-d7c6-4503-a5d0-7e5035cb321b"
"1278587","344b4f71-f677-41bb-b3a9-10f4164ec6e7"
"1278587","98200a91-b7e9-49e0-8e21-cde1028a73f4"
"1278587","713431c0-1c75-48ff-9be1-dfaf0b57778f"
"1278587","62d6103c-936d-4eb3-8a9d-086bebd626cc"
"1278587","53ac1f67-2265-456c-af9d-1e0e7e22ac26"
"1278587","2fa4c9cf-1add-43e7-8b39-d3a8f5cf6a70"
"1278587","d0eaf95f-3077-4275-948f-fe931904a447"
"1278587","cb0f7f68-016e-4528-b010-7a5d7c9f0a82"
"1278587","5f5d5a46-fc57-4039-9627-772887fa7dc5"
"1278587","ec5eb026-8098-4945-a1aa-1a92a1b83970"
"1278587","4143523e-bcf5-4aed-936f-3a3ef25eb044"
"1278587","5a236733-6550-48b6-883a-0b69dc78ddf1"
"1278587","80fb012d-5ebb-46ab-89d7-a8aca3fcba54"
"1278587","602176c6-1f48-466d-b6ef-b060ed2eb500"
"1278587","6c7e0cdb-4276-49b3-b6d2-f9ec44e7cdba"
"1278587","aace1f01-a93f-4912-a4f3-91d78ade6a79"
"1278587","9165f2ab-8549-49e9-8249-fa3615755fb8"
"1278587","53601745-e68f-44c3-8e38-f22da3edda9e"
"1278587","ce0497ec-fb27-4e8d-bb68-de61abe5ae2b"
"1278587","6e098afb-7e06-4bbc-8618-242aebf5aa11"
"1278587","2c65fa84-c976-4387-95c9-c450e13917e9"
"1278587","cf0af7f7-04f3-451f-beb1-757832f2f542"
"1278587","51ba583b-8573-4b99-81e0-956ba5371a0c"
"1278587","a2e04ea6-1e0e-48b3-90d4-709b47df4685"
"1278587","e5977e0f-894f-4a23-88b6-4287473d87f6"
"1278587","cadb599c-bca5-47bf-9aba-698254e9fc74"
"1278587","7a898363-3110-4874-83d8-0ff50573afcf"
"1278587","b61eee08-75be-489e-820e-c222b4447289"
"1278587","46ddf1ac-9a58-45fd-bc69-f85642d64126"
"1278587","34682f5c-acb5-4b8d-91ca-8f9d758b4d68"
"1278587","14efe673-fdbe-4ced-a47e-f14a4a9fba3c"
"1278587","c674f56e-ead6-482b-90e1-d6d914d9fa37"
"1278587","2f99535d-192b-4a30-839e-a019fe954a06"
"1278587","836ac8ad-759e-4b43-9943-c5acafb13536"
"1278587","3d9a21a1-173e-421e-8ab5-6f0ec54e5fe2"
"1278587","133358d6-6333-4c0d-8dfc-92aa89be2b37"
"1278587","53dfd5f9-95c8-4d58-b35e-201f36d0d501"
"1278587","91e519b5-1561-4f9a-8394-18990cbd4e8e"
"1278587","09359d65-8985-4847-bcbf-3aa7a014f3a6"
"1278587","58104fe0-44a3-44bb-a6b3-20439e082163"
"1278587","b29a5b89-087a-4ecc-b74f-290913f26602"
"1278587","b2a0087f-fc0e-4cfd-a6f2-02d857157471"
"1278587","6ba19010-a156-47a9-b712-67776ab1da08"
"1278587","c26ed514-e95a-47f0-97be-0789394e6fe3"
"1278587","f9b2cb6d-f6ba-43ed-a80e-cdb8860f37b6"
"1278587","540035fe-1925-4986-991e-d14aee63d3aa"
"1278587","c7bc90b9-ca55-4b86-8c05-145794761bfc"
"1278587","bc7895a8-a69b-4459-8e8b-2a9dc7ff02a6"
"1278587","16d027e3-7576-4672-b3d0-55e158d626c2"
"1278587","d6471dba-5af8-4bbe-85f6-0dd08103c7ff"
"1278587","e39bbe6b-d1b8-4358-a675-31372ea405f6"
"1278587","da1811d0-21cd-4bf6-ae1d-855b0d8f7f09"
"1278587","bd048a58-3e69-4dc9-9e76-22282902e862"
"1278587","21ea3982-d5f1-4b3c-9515-c0748f0da8b5"
"1278587","9b5151af-d639-4752-8d13-c75c872fe79c"
"1278587","846c7448-0396-440b-9445-e51575d78478"
"1278587","96fd95d1-074b-453a-9c2e-7c382fef5e52"
"1278587","76fab530-00cf-4881-8127-ad4ebe6bbc96"
"1278587","105d2857-8215-40a2-b147-777102e52608"
"1278587","d02d5e3a-1468-4e1a-bff4-383944a4e497"
"1278587","8bbca6e9-0e88-416c-a694-d4c367a855ca"
"1278587","8d482ec3-d997-41b3-85e4-c60b39cafb01"
"1278587","2fe71128-30d3-4301-ab8c-61efac4b4da9"
"1278587","d875fb58-41ba-4f0e-9dee-ffabfaf0c97b"
"1278587","bccbed06-195b-4005-996d-4fd7d10cc232"
"1278587","12c0ad5a-e71e-4ee9-963e-6e50515dd24d"
"1278587","1494faa2-3b3c-448c-b91e-2ca6ddf55d2c"
"1278587","79b9c996-ddb0-4da2-ba2c-c63bc2ee2914"
"1278587","2d38af36-5f80-475a-92de-1f21761e7cb7"
"1278587","c0b5d31a-b7a0-4797-83be-e8f01505d8cb"
"1278587","0408471a-f20a-4a94-80f9-fce3c97cf198"
"1278587","d396f4ba-c304-42f1-a8ee-b367483af7bb"
"1278587","bdede15c-be9b-43df-96d3-f4fe18b778d7"
"1278587","d94e7915-30b1-4269-bef2-f185a87df971"
"1278587","28981205-482f-4267-8cd6-f779c2d7a760"
"1278587","6f34f2a3-b171-4368-b4ca-f0f69feb9fd1"
"1278587","da6e60ac-9948-4c3b-8720-1ac037bbf7ae"
"1278587","1e94dbeb-5d91-4374-8bb8-7b054f1c428f"
"1278587","f61ffd5d-1475-45c1-adde-c8863fad53ef"
"1278587","86936f94-f81b-471d-b888-e61048bdd8e3"
"1382681","e86c9489-62e2-46b5-8efe-e7588889b93c"
"1382681","dd2a2029-c685-4246-9294-e0f060df9a1f"
"1382681","b9443d30-aca9-4bfe-afbf-866b589809a7"
"1382681","b86b758c-f94a-42c7-ae31-0c80aec75f41"
"1382681","03aad015-fe7b-4cdd-87ba-5a1ca4a69789"
"1382681","a188e50d-1774-4f92-a2c4-3e65964e8b3a"
"1382681","ed312a4c-8487-4771-9fee-210e155ce8e5"
"1382681","153f7796-b5e5-41da-a0da-0ba5b5d74d72"
"1382681","a257cfa3-4260-4587-8d82-3a9c42939b10"
"1382681","86469ced-2fac-4018-8950-0ebaad4004ed"
"1382681","3db9da7c-dacd-4b2f-967a-05828f430762"
"1382681","df065b90-8a34-447a-ba85-aae395c4fd39"
"1382681","f05a1874-f7d0-4d70-a2da-9fd97b9e6a1a"
"1382681","e31093a6-3574-485f-9017-87626a768c37"
"1382681","27f5e2ae-f79b-44fa-85aa-c72b1104b839"
"1441049","1cf03876-d743-47e0-b59d-6028524a4439"
"1441049","34bce0d3-9358-4134-9067-f1d836fdb7b8"
"1639239","b1d907f7-23ac-48ad-be08-83d4aa501dff"
"1639239","cb7904f1-92bb-47ec-9e12-94b66f3022f3"
"1639239","7860eada-ef6b-4cd8-9a82-925262793f77"
"1639239","66d5c36c-6421-4a5a-9ed1-3be2065b85c8"
"1639239","f8a3b523-811a-4f10-97be-c9b40c712a9e"
"1639239","1a5b4c4c-0c0f-40b1-ac14-2b738722ec11"
"1639239","6fa1c5f9-1654-4a36-8813-6b37fd4431b3"
"1639239","d4304110-dfeb-4732-9484-ac2c63478f2c"
"1639239","58a43bc2-3186-45dc-88b3-1a059cb6ce8d"
"1639239","64c06c05-b611-47be-b37b-c59fc27ceb8c"
"1639239","d1b2fce7-727c-4a9d-9bb6-909d2d83e5d5"
"1639239","4a42e43b-0c04-4a6a-856f-9ee2dd03e09c"
"1639239","e1cf3003-6088-475b-bb83-aada7d6d34a1"
"1639239","e7f9dc13-1947-4586-8d21-313a20f3f898"
"1639239","fd3f25d7-7433-4a40-a600-6f013bcf72d3"
"1639239","b884592e-6c8a-4987-be65-8a527b83ce82"
"1639239","cb512a4b-f2e6-4a8c-ad02-502545480ee5"
"1639239","ddcee4da-df6d-4045-b071-43633d26b313"
"1639239","146b0425-6b4e-4035-872d-d8890151ae46"
"1639239","3c50386b-bbac-4f4c-b3f1-840131985b94"
"1639239","93ea4806-1224-4a01-b18d-58d58c43cd88"
"1639342","e03f6f47-fd2a-4550-8d20-b20d5d6845ec"
"1639342","38ccdbf3-e2bd-4a87-be7e-c5ffb2f226ba"
"1639342","4a3d884b-5a74-4538-9b82-621425478a62"
"1639342","29c0e3dc-52bd-4f50-be67-057c6b3e4635"
"1639342","52999779-ec5a-490d-941e-489bc7dadfbd"
"1639342","988dda8f-da93-406d-8906-7ca4804f89c8"
"1639342","46568910-6828-4c8a-8305-ccacd98ed75e"
"1639342","0230d155-9d4f-4906-8436-ee3ee1962cc2"
"1639342","d10c1186-33fd-4991-9d51-c721ace8bc81"
"1639342","4e6d5a8a-d436-4877-855c-c83932e102b0"
"1639342","dec7c92e-b383-45b7-b74c-e52ceefc9725"
"1639342","a9818e46-0d8a-416a-974a-5503d7b82b8e"
"1639342","9fac02e8-4c14-4c96-944c-24dceffaa06c"
"1639342","384d4663-04c3-41a3-82ec-22b7bd086e50"
"1639342","73a28f93-4294-4a59-a899-64c3d8c5b5d0"
"1639342","ff587664-86b8-4196-b6b3-c8b7b7515322"
"1639342","d8a7d11d-1786-43c5-8355-76f14f721372"
"1639342","2a72be04-5080-4d91-a541-19968bd160d1"
"1639342","bbd56ff5-563e-4269-b772-3dbe52f07e0b"
"1639342","190969c7-4512-4392-aadf-f6a37aeb8325"
"1654142","1768ed13-b456-409a-87e8-62e7a963ba1d"
"1654142","61644c2e-dfc4-4e3d-8372-33e4ac212188"
"1654142","1227ddb4-76f3-4629-bc3b-589d50768f4b"
"1654142","28b4db96-e516-416b-b080-e805c08054b7"
"1654142","46af47f5-5826-4bf8-bdf2-45fc36e97d91"
"1654142","f8d3fa09-92a8-45ac-bd29-a26496d448f0"
"1654142","53150cdd-a734-440d-a847-a95763734b59"
"1654142","d3df2c7a-8a5b-4354-8006-4879eb998a26"
"1665241","2a299d94-d1d4-47df-8613-dea0fca07256"
"1665241","f43a08fb-d827-47be-a31f-c8fdb7658d4f"
"1665241","fe7afa9c-cc1b-4bd2-b846-e475d9e49f94"
"1665241","d90b9e40-a75a-4aee-8d25-6119d95813ee"
"1665241","4b4b1c04-190a-488b-9fd5-90daacf77239"
"1665675","fecc6136-51b0-4aed-a556-c30022991280"
"1665675","2001d6d2-cde0-4cdf-aea7-735deb2c7c03"
"1665675","a0e102cf-05ac-4a70-bcba-0b4d156bd72c"
"1665675","0562144a-bfa7-4310-b77e-a5faf9271149"
"1665675","10f87a62-b8e9-4269-bbb3-544da916d5f0"
"1665675","0801d53f-f319-42c4-a8b1-fa1eef5c3275"
"1665675","3af97357-88a4-4820-81de-2ab41fa6ecf2"
"1665675","a19fa3bc-239d-4856-8d89-85047c54c41e"
"1665675","7dcdef95-26ea-4070-b8f3-f92a5ecd933a"
"1665675","f9b4c669-696d-4303-8f4a-a3a75e958b3e"
"1665675","69054725-d984-4d75-9365-170bfa6c1fd7"
"1665675","b6642ef2-8463-4112-812b-9f60e371d376"
"1714373","467b3af0-2edd-4c41-af5a-54e046970ac0"
"1714373","705f4132-29c3-432d-8c9f-39d4402b92e3"
"1714373","5602288f-a361-44e3-ad01-9c9da0c2c8ce"
"1714373","e620876b-bfac-4557-9974-07d1df8b168e"
"1714373","28df7865-fd6e-49cb-9a55-2cf5d38e40f8"
"1714373","0389e401-78af-47f1-9116-267e9e862341"
"1714373","8e792943-91a6-4e99-955e-c413c5d8e6cc"
"1714373","1e953f4e-82bd-472a-9f45-133af798abbd"
"1714373","6b641e25-9bb5-454b-ad9c-854a17215e8e"
"1714373","39b57ae3-849b-42c9-84f0-8779c3cc9763"
"1714652","94ec90f7-b4c5-4db5-a394-2f5264256848"
"1714652","8e6d688e-9583-4946-88b6-f576742ed9eb"
"1714652","0af7b7e3-203f-419d-8282-1bfcc4a9ee7d"
"1714652","167eb3f6-a99d-4c7b-a0a9-67d4bb53201a"
"1714652","1e608aa2-5788-4404-aa3b-5dea43ef0d0e"
"1714652","37c60b82-185d-4fea-abbf-7ac095cde04d"
"1714652","0b325c76-a4e8-4b5e-967a-6fc6068f3eec"
"1714652","04a3bf4d-acb4-4007-b5d9-94035e49839a"
"1714652","f66fa8c0-e8f4-4eaa-98e5-d1b492c4d498"
"1714652","7463b3e9-c9d8-4bab-b50a-5c22af04ec2e"
"1714652","0196e5bc-1f58-4c7d-be63-99bc54960c2d"
"1714652","e0691475-ad91-437e-9ad0-6047fc34f85b"
"1714652","169d310c-a6cf-4fbf-9d87-1da584e5a401"
"1714652","aefee0d4-0378-41cd-bf9d-9b2c7df8b823"
"1714652","85d54f25-469b-440e-9044-1cb09f47e694"
"1714652","6eac042f-59b8-4c59-ac87-0af54efb7714"
"1714652","aca09d3d-80e7-4521-af7a-e20e48ed6a75"
"1714652","c63e3bb2-cda0-4460-8ba1-b32353cf576f"
"1714652","e867a574-3950-4aaa-9b57-b115d8a8a7b7"
"1714652","bb707420-9694-4b2d-90a1-d204ed9c4dbb"
"1714652","774c26e5-5a70-4a22-b086-6c68ad684d61"
"1714652","4056c454-d073-4dbb-bccc-c40b31cdcdae"
"1714652","e715e062-eae1-43ea-9322-294f37f060af"
"1714652","de192cae-af3b-4c1a-b00e-667d08b5ece8"
"1714652","05d08a93-e0ca-46f0-b808-5a45e25df76c"
"1714652","8801674a-9c16-4cd5-b3e0-d69d5d8596fb"
"1714652","0e2b6cf9-0f8f-49fb-b81c-6710d4a4de01"
"1714652","7f85d680-7919-4835-8226-8be37f584ec6"
"1714652","3ee7a715-cb87-43ae-9137-94f9a390a096"
"1714652","b561f026-4d02-4c38-be39-ff564655f65e"
"1714652","bd439099-bc2a-4260-a3d1-d6e228147743"
"1714652","0269ecb8-3c46-49e2-8031-dea0d895851c"
"1714652","e4ba156f-1135-4f07-a818-d171d7ed8771"
"1720051","c239230e-849e-47bf-b767-f45ac3b501e1"
"1720051","4190cfba-2acc-4188-856e-b5eebde0fdb7"
"1720051","2f4c54e2-58ae-4fb0-95ad-0a09feb8f8b1"
"1720051","5da70569-aa43-46ce-ad69-1b8fb479f03d"
"1720051","94e59bf6-be21-479e-90f4-090a3557e566"
"1720051","e5c4beb3-7d63-44a7-a9c6-fd885a48dd3b"
"1720051","d3e47a78-8821-47ea-aa52-0baa28b64d92"
"1720051","5e89ed5b-fc91-4b39-a57b-e436faa9cbc9"
"1720051","a6b420e2-78c5-4e87-847a-aaf022f045c1"
"1720051","76494e8c-0ca0-41e2-9163-96812bc6a064"
"1720051","95146867-d289-4647-84ef-71a08fa4a356"
"1720051","99f693ae-97c1-40a1-9b24-1f54a543c227"
"1720051","abf42de6-4da2-41e3-8329-03c1e1d712cb"
"1720051","59dbe41f-d0fc-4f03-8f4f-7a6c2bcc2dde"
"1720051","491607b5-77d8-4860-8f2d-81463a682168"
"1720051","2077b037-950a-4c77-a7ba-bf70f1736a53"
"1720051","b33a04c6-a94d-47c0-af32-a583dac73a81"
"1720051","4b6188cd-1c23-444c-8703-7f8226e8a08e"
"1720051","8bef5b7f-e3e8-4099-b1bd-fb08de0b0db6"
"1720051","b4b3e37a-8143-409d-90ef-b2eaf8d80d64"
"1720051","fe1e07e9-6f1d-4be6-bc25-5271389dba9b"
"1720051","bfc925d0-2304-4d90-a721-95ebf032abe9"
"1720051","adbee7a3-20de-4b3e-871e-7565dff2177c"
"1720051","1d89bfe2-3664-4d02-85ed-fb6df9531ff4"
"1720051","8c257088-c594-4bc2-8723-bfb909a70859"
"1720051","3634ddab-a566-49fa-8863-8a504fd6c3db"
"1720051","cbfe4c7b-0800-4249-909a-45768d9d7cf1"
"1720051","bcbd51a5-8dfe-418b-8d0f-37c6fd31749c"
"1720051","074ccb9e-a35f-48b5-b48e-3c46771f2aff"
"1720051","64e3e12d-8db5-4de3-87b0-aa1c2136f416"
"1720051","700e351c-9315-4442-9180-40c1c03e853f"
"1720051","842104f6-3242-48cf-95f2-7c173062d95b"
"1720051","3eaddf11-fc9d-449f-867d-0262da87de6b"
"1720051","04c5e0ea-12dd-4b28-99d4-515f31356a67"
"1720051","0b36cf94-7feb-481c-a70b-e9aefa4448db"
"1720051","e92cb549-29d6-46da-a593-b505ac647c86"
"1720051","4e6ba086-ccba-4f50-88c2-71ad8bc08e0f"
"1720051","d0ac596b-91e9-4678-8c14-dd11e8d8c07d"
"1720051","22da01fc-d23b-4e03-b886-a14dc78f78bf"
"1720051","1f26cd16-d534-413b-b835-c8659e008db9"
"1720051","ac1e0d90-f1a9-4c04-9c72-914aff4b62e2"
"1720051","6646db6c-2472-4293-99d9-dd05bb09e5b2"
"1720051","f63372d9-4e90-43fe-a3f5-2e28840b356f"
"1720051","1174db69-68b7-45b9-8497-bd63434b7cf9"
"1720051","46bc1249-b52b-4b8e-add4-c598fc5c8e44"
"1720051","e5951e02-4ddc-41f7-9ac0-1c6e16328d3d"
"1720051","fa42637a-72c4-420a-a50b-ad9ff50e4acc"
"1720051","a00d810c-dc95-4ee1-9157-84937d50778e"
"1720051","64905432-4536-40ab-affc-2b396e8a710e"
"1720051","9f6e2fcc-3fd1-471d-89c9-3aef749e3b4a"
"1720051","2613f276-0499-434c-af78-a2e25209cf67"
"1720051","a8add2dc-fbf4-4d02-a4f2-2ab2878735f4"
"1720051","f6064763-9d06-4230-b8bc-3df125854f19"
"1720051","858149e8-21f1-4f90-b86f-15aeceb2952f"
"1720051","a4b31cad-1546-41c4-957a-207a7f08dac4"
"1720051","56603d41-82b3-4fb9-a331-23c396a9cdd2"
"1720051","b522ea31-ed31-42cf-978e-4702a38f4d1b"
"1720051","7f166b4f-9823-4611-9bcd-7827202ec23f"
"1720051","6d49293d-ca26-4199-a806-95d3650d809d"
"1720051","414e9fb8-d525-456d-b7e1-6658f0e19a62"
"1720051","1a5b4b45-ace9-46c4-bfcb-753c010f0b68"
"1720051","21315aef-0cd0-4c48-bc63-4584e2dc73af"
"1720051","acfe48ef-e702-481c-8d11-c8c12bf3c785"
"1720051","a08d5319-4bc4-4677-9545-5832b37fa246"
"1720051","a86ad04b-ab21-418f-9504-0fd0a611a595"
"1720051","5db68bad-8ed9-49bc-ab5e-e6e617c010a1"
"1723819","fdb57a6b-76c0-458c-a52e-2039fdf52985"
"1723819","822b71c4-6cf9-4c9c-9bbd-ea2b8938176f"
"1723819","46cf67b6-beaf-45f4-9e9b-bcd613cc871c"
"1723819","387499f1-2b79-4cc1-893f-aeef3a017cbf"
"1723819","5728151b-163f-4f4d-b203-4c7fb536df53"
"1723819","367e6433-92cf-4f08-88ae-3bbb6dde49d4"
"1723819","58eb7685-f328-4b92-b79e-0b4076261e05"
"1723819","49edc6d9-5a1d-4685-bfc9-f1906e932f65"
"1723819","8fa8d0d5-c179-4e01-a3c3-f5ee89c23972"
"1723819","ff03f2b3-cb38-466c-9528-dedbfdaca382"
"1723819","4b5f2012-6043-423d-a629-e9a91e4e4568"
"1723819","f37928f2-ae5f-4f52-95e1-32ad5d33585c"
"1723819","0b6b1004-f5b7-4dcd-8ff4-e7deec52a538"
"1723819","e6fc5763-b8d9-4ef6-bdfc-9fc9256cd35f"
"1723819","802eba97-83a1-4ec6-a92f-b45da5227fd9"
"1723819","cd84b982-5fdc-4835-b95e-7de377e55adc"
"1723819","9b7c29b4-c65a-4e0b-a507-cec12fc6a7be"
"1723819","470889ba-2173-4f46-b498-4583563ffb67"
"1723819","c45c7f4a-cc80-48f5-a00c-4d4d81bb7398"
"1723819","d568a66e-4c04-4f40-814b-fcebd11582bb"
"1723819","e3e4767a-1198-4dff-9eac-7506bfc23331"
"1723819","1a168066-f97d-4bc0-aadc-cd56ae997b53"
"1723819","9ad768f0-12e6-460c-87ff-ed37cde098f2"
"1723819","96ec4565-da94-46ab-9bb6-ebff87cdfcff"
"1723819","a2716715-bf79-45e5-93ce-b3cfa9fa65bf"
"1723819","93b30c82-6090-4d04-a015-9d9c300ca624"
"1723819","4d2a9f55-a3d8-4b69-93eb-a9f5600bbd37"
"1723819","6388098a-28bc-4b40-a007-f4986dd89d22"
"1723819","4231fc91-6c7c-480f-ad6d-3e5d377f068f"
"1723819","4739eddf-7cd9-4bd6-b77a-99982cb8d602"
"1723819","c2c9bcfc-3c33-4a46-b6fb-d5309558ce98"
"1723819","d783403e-c263-4639-ab7c-ab248437b74c"
"1723819","365e4c13-50b5-4c02-bc96-e5fdc3402a32"
"1723819","9a925fb5-2099-46ea-8c5f-7befbbc2c033"
"1723819","4af371a8-9787-407e-aab3-d05dad115ae5"
"1723819","f4f5f2f9-8593-4d7c-beb1-4d81eaf47f3e"
"1723819","2244b941-da50-4a1c-b0ac-f1c56ee64f59"
"1723819","8dec2966-d3c0-4f6c-9486-ef423ea1b5df"
"1723819","d4b23a98-bad0-4d59-b4a4-3c5382d4f4b5"
"1723819","b8714929-5fc6-4492-9f71-5e22c03563b8"
"1723819","c983e6d7-6b7a-440c-93a2-9132c22766c0"
"1723819","b64c52c8-cdf5-47e4-ae38-764cd5a2b729"
"1723819","7c3792fe-5940-4d4e-901e-ba9c33dcc4c4"
"1723819","95202b96-fc08-4f93-a541-9ee73c83a7c8"
"1723819","7f3118d4-0084-4a3f-93b3-d941f39f6227"
"1723819","8cb09176-bd8f-4571-bf07-126c64afe7d2"
"1723819","9a46c466-5703-4e0d-aaef-9996676cdbcb"
"1723819","d2fe51a7-4f97-41fa-94dd-7ab7235589e9"
"1723819","1697e27e-a0c5-428f-b9f4-e819a37c7eb7"
"1723819","3f4a1303-499d-4b77-9bc2-4e2304ee77b2"
"1723819","33532dc9-1e8a-41f6-a2c5-1b5c9e09867e"
"1723819","0b6094c0-d724-40e6-985e-e8c2bdbf7a35"
"1723819","b1e894a5-61e0-43fc-a7de-eb017c8ee2ac"
"1723819","f61cde9d-32c2-498a-9d69-df9e4152ef78"
"1723819","89981dc9-19a0-4a7c-a725-da6aa7684f0a"
"1723819","45e43f85-412e-4afb-82e7-59b6f6e391af"
"1723819","f16b579d-8c0a-4c41-a7fc-ee4bf10854f0"
"1723819","5ed2e903-4aa7-4f97-9ca2-57d0adfed861"
"1723819","e4e71977-1536-4c7e-a122-aa826fe00f2b"
"1723819","67289ee9-4667-4fee-9efd-01aa066ce7e3"
"1723819","9608af84-955f-459b-99c5-91f3d1fc5ab6"
"1723819","a7256761-0be5-4654-9092-9278cec28729"
"1723819","bb0d0cfc-cb7f-4209-9db4-c844beda8a78"
"1723819","59766536-22e4-4a4e-8e6c-cae6ecf34714"
"1723819","7d6cbae1-f90f-4a7a-adbf-1ddc9240f1b7"
"1723819","c41b20b0-40b9-4467-aa7d-3b4b2f942957"
"1723819","b5006d73-5385-482b-8160-51863599cfd6"
"1723819","f4277f20-4e65-4b13-8113-a5effd2eb11c"
"1723819","489fde14-da77-4665-afb4-0977f1019977"
"1723819","2138c4a4-5016-4453-b52d-fc3ca52095b7"
"1723819","3f849841-efee-426e-b60b-2bd3cdf5736a"
"1723819","df69d3ce-8498-4024-bd88-afba0d4d9a1e"
"1723819","64b1717e-d590-48a6-a893-8d7114970f52"
"1723819","24dee14a-4a6a-486c-8cd9-4c8d05d156d3"
"1723819","4f320fa1-6b95-4bdf-ad83-a780fe691ef2"
"1723819","ad0bfb79-688c-4f71-9497-b147b32de8cd"
"1723819","7cce9edf-ebcb-4be5-b84a-39c2ccfbefb5"
"1723819","46b3b89e-004d-4184-a748-388e6267a466"
"1723819","8689dea6-f0be-4715-a459-ed3da4e0b528"
"1723819","84fb9ed5-4185-4d26-be83-1d7c90544aae"
"1723819","f9b815b6-8b6f-4413-acf1-ac992b37a3f0"
"1723819","c83a5fac-a811-4af9-a583-60c58f63ff08"
"1723819","1096bb9e-1ed5-487e-ad5a-3a3840667679"
"1723819","f689dfc0-64a2-4385-acd2-084dda28cd3f"
"1723819","2cceaf6a-28c4-40f7-b4d6-d7209635413e"
"1723819","2a046315-4db0-4950-a80e-8acd441b206a"
"1723819","2b945551-1a8a-4fd3-a984-dc593b6ee091"
"1723819","abbf9750-07ea-4665-95b2-e5330e7e100a"
"1723819","d21861b1-fbbf-4bab-a585-10dc53549414"
"1723819","0bc52606-7cb3-4f66-8681-33b574f3d24d"
"1723819","7cd975df-2935-403f-ac4f-c74b46150dbc"
"1723819","f02ad107-3c69-440c-9bda-8419422703fb"
"1723819","0bb5e8e1-990f-4a9a-a9c9-76a5414ae81a"
"1723819","6b84bed3-98ad-4125-bf71-8f398e436a89"
"1723819","8566f55e-8602-4e6a-95a7-baf5de61d72a"
"1723819","c3973456-bfc6-464c-8b71-b27ee25d7db3"
"1723819","bc657efb-3d12-4953-8a9b-2413b7586e67"
"1723819","51e9c109-0490-4198-8715-a6ded800bb8e"
"1723819","4a3d32e9-4be2-4877-8eb8-bbfd92c157bc"
"1723819","67176ee3-28e9-45db-91f9-66178c06bccb"
"1723819","e55a5cff-c012-40e9-be91-6a0a9ce83b32"
"1723819","d26e4bb4-3037-4ccd-87d1-3f185caae96b"
"1723819","8f3ec56b-0e78-4c6a-aac0-1d9991762db2"
"1723819","a3eef296-a826-4a6e-a5e3-4b001afeb0a1"
"1723819","d208b291-9e58-448c-9d36-885a1cebe070"
"1723819","5a69f57f-704a-449e-ab46-160b56f33f46"
"1723819","68cfac37-6ff8-43f5-bc6d-52842b1666a3"
"1723819","dd1b83b8-9ccd-49c2-8c64-713acd5e3007"
"1723819","c17ea838-78f4-49b4-b79f-122aab9c36de"
"1723819","b4417098-0945-405f-a6f0-a69e96859980"
"1723819","332df575-2082-48a2-a874-666f4ab84024"
"1723819","7faeaa62-c7c8-45f4-86fc-6829ec2fb176"
"1723819","35be9f9e-4eb9-4b21-886b-ca030e7470f9"
"1723819","df91512f-d519-4b4c-b472-d73624ac1890"
"1723819","f5852259-bf4d-4bc1-bf73-1fc65437786b"
"1723819","0add163e-1823-446f-b975-fc7a61c7fb5f"
"1723819","19c60e96-aa8f-49d6-87f4-060837744c6e"
"1723819","f2f495d6-a0b8-4566-bd1d-b06e16eac831"
"1723819","e515fa27-3f08-45d3-aa97-7cf55fbf7a31"
"1723819","637ee480-7fc8-4c59-9c49-8cadc4d19748"
"1723819","42e16a56-5aed-48ff-addc-3aa64d7912dd"
"1723819","37f86aec-e129-423a-99a3-a269ec2d876a"
"1723819","7bed90e4-adef-4983-b01d-05123c7c251c"
"1724165","1e7b1e8a-0d7a-45df-80ed-e5dfdb3ac3c5"
"1724165","7112da72-105d-46eb-84d8-a8c92628b366"
"1724165","6bf61742-d34f-4573-b786-3d5ee9f9a472"
"1724165","3add83c1-9f25-4965-9bda-217a9d3406db"
"1748579","9ddee525-c060-45e7-acb9-b4ed876ab8c7"
"1748579","d92bd13f-8c11-4d67-97ed-d4e9a634b4a9"
"1748579","6988823a-d43f-491f-83f1-bdcaf4051b1f"
"1748579","579077a5-6c8a-4cf3-afc1-00b721e247a0"
"1748579","dd483fce-b0c5-413b-9503-1dffc479e0a9"
"1748579","562765fa-97c1-4ebc-982b-e6ae4be8bb21"
"1748579","e16243cd-5aa4-4288-9fa1-5c88bd27cac4"
"1748579","ef94c175-a265-4d4a-8961-14295faad96f"
"1748579","aa1892e9-e24f-4b50-9b27-8f1e4051d55c"
"1748579","aefde293-c496-494d-b246-78abcc6c24f4"
"1757378","62949839-e57e-4e7f-8e94-82d189c21ee6"
"1757378","3b053059-c829-4c53-a130-663ad83b5ba5"
"1757378","407e01a4-e01f-447a-80c9-a0253faa56e1"
"1757378","153a57c8-534b-495d-a241-1ef00ae75e54"
"1757378","4e652db0-48a5-4855-9f56-f259ec287a65"
"1757378","6a305364-4023-4cac-b8b6-39c96a715b60"
"1757378","18e257d3-67c7-4a57-90bc-af89840a410d"
"1757378","12e0647f-0a34-492c-9842-70d8a41987cf"
"1757378","4b02bca3-ecdc-4736-86c8-63eed224bf6f"
"1757378","ce716066-9052-40a2-9209-c027b50c891c"
"1757378","092740f5-d1ee-4420-adea-a58f07e395f6"
"1757378","e3310f4a-90ef-4038-8978-281f74ce9c85"
"1757378","a0d6c94d-d802-4c2f-a900-9636451d7b62"
"1757378","b7b11dc4-b8c8-4cbf-bafc-49a486da17ea"
"1757378","81cf729f-64d6-4d82-99ad-a4f3444647da"
"1757378","42a2624e-7246-4f69-96cd-f3bad9ae3a9a"
"1757378","2787820c-234e-463d-86fa-357ef6eb0b2d"
"1757378","149b37a3-430f-43d4-9c84-83f0f016efc6"
"1757378","03479c66-0156-4672-8957-9d1bb39a4510"
"1757378","e6fd4ad5-11b8-48b9-b830-61d45a4cc781"
"1757378","9f3d716d-68b1-431d-b96b-d4b732330d65"
"1757378","a1c2963a-b159-4310-ad5d-84b4c0854cb1"
"1757378","65ded791-5407-465a-9e53-658780fc235e"
"1757378","07c6599b-137f-4821-9d53-9c1cc164388c"
"1757378","6bfed182-4bf1-482a-8533-f643ea403250"
"1757378","6703a549-4620-4133-ab68-a7018a119041"
"1757378","b0434e06-6b89-4cd8-945e-62b4dd1f370b"
"1757378","60a0e5b6-4d69-4e2e-b2df-f6bd429976a2"
"1757378","77700477-5d22-4f5f-8419-d9601b6a2576"
"1757378","377b68e8-5212-4f46-9584-01723f8dd74f"
"1757378","1b250e67-a31a-4a19-ba81-eefe859a605c"
"1757378","aa04b81e-d169-417c-84b8-8ae03bf962a8"
"1757378","f93900c7-fafb-43a0-a696-1e0beb02ba91"
"1757378","546f4900-3145-4229-a2d1-786a32f6bbd5"
"1757378","54d8a5ad-149b-4a49-9ab5-24d7eb03dfef"
"1757378","9fea95ab-7f99-4809-a9e5-4865aaaaa29b"
"1757378","c095b0f1-ed9d-4334-bc6f-9580b478f0b3"
"1757378","8d8afdc5-da05-42f4-b558-c41d33cacd8b"
"1757378","787f3381-0672-4e1f-9606-0a1770646bbc"
"1757378","d21c5519-14c3-4bcb-aeab-178ae6bf7124"
"1757378","9324b8ba-0556-47c0-b09f-eb63b63dd6a3"
"1757378","bce1fe6a-83ce-4b44-8d92-73bf41ea35b1"
"1757378","8bda45ee-0c61-4898-b8e9-5f4e1f508f24"
"1757378","053066d6-4e8f-4175-93ae-b273f701ca6d"
"1757378","910e570b-ee4e-4003-a2ff-1be2d82c55b6"
"1779132","0b19a200-07aa-444b-bdfa-b51758631f7b"
"1779132","bf2510d7-9b37-434d-9643-b8c6054e41d1"
"1812449","9070dd89-d6e6-435c-b63e-a55176d8bcda"
"1812449","1f13e2ac-08cb-4668-9079-b03abea06b59"
"1812449","eddfb92c-2cac-4f6c-a5f4-3d3df12d0f42"
"1812449","6f9e513f-f492-46ec-9efd-22beb6cf5d10"
"1812449","9373894b-fe3e-494a-9336-d929dfdb8bfc"
"1817599","3fb0f6d4-06ca-4f89-865a-83829ef3602f"
"1817599","9e44ec19-714c-4184-8bdb-4a3f60d99cbf"
"1817599","bcf12c45-6eb9-4d94-82b8-7e3702599620"
"1817599","ffd442a9-00b0-45ee-9e2f-96313204ba93"
"1817599","62f2ac3f-def4-4609-acd2-8538d8725524"
"1817599","3a579309-b13a-4909-99ea-2626b29b610d"
"1817599","97b1317c-0749-4b49-aed5-19b56627bc33"
"1817599","1a0903c8-f0c6-4417-9f5f-0eae04ac7ad7"
"1817599","447166ec-148e-47e9-911f-71d88bf3522d"
"1817599","928b8dcb-6c5e-4788-b79e-530812f5c12d"
"1817599","adb1c41a-60fd-4055-89b4-9f2a488e7b11"
"1817599","c862d207-3d75-43ca-9034-d2f8fb575b7a"
"1817599","90a042b5-d23a-4c81-a3fc-cee30a798a68"
"1817599","3d65727a-fb6f-4553-b2cb-033c655051b4"
"1826264","e231b44a-9351-4b14-b828-c1e79ae49125"
"1826264","3d4f48cb-355b-42f9-b316-12e43ebe6aa8"
"1826264","3bacdcb0-ef4e-4f39-9673-9fa27908fa58"
"1826264","1c267de5-4727-4374-bb46-f00967513e39"
"1826264","e70e899b-4014-4c63-98d6-6625f4ddaf6f"
"1826264","cf78ead6-a175-48a1-aeb6-1d870f4fbe35"
"1826264","0dcc2809-0bc0-4387-a901-9df2a1b869d2"
"1826264","5876b436-781f-458a-b9d0-2a5040f317c7"
"1826264","464db580-cc0b-4134-a531-b5990ff2972b"
"1826264","6f891fe8-c990-405c-a912-f5505911a880"
"1826264","6098d1c2-4d6b-4fd0-a8f2-4f1adcd0b8d2"
"1826264","ef50a18a-76b7-4792-b77e-94825776dbd2"
"1827310","c954d5d5-a4aa-4c0c-9324-db04188f89f6"
"1827310","041a4da6-b9ae-490a-a9c7-db3247afb6f1"
"1827310","f7225aee-44ec-4ff9-954c-23d35a67b4ca"
"1827310","58c3d6dd-e34a-459b-a2aa-07049a59800e"
"1827310","4427e631-b858-4aed-a05f-c88f963a7f66"
"1827310","291e9820-9284-4ca3-a8b2-81e6e0a00667"
"1827310","cfbd84a3-4535-4385-826d-ed620a52302c"
"1827310","e6e4a4ad-c4e4-4d93-b13a-42a2ab74c05c"
"1827310","0c6bd0c0-7c21-4b4a-80e8-3ed429ea1d01"
"1827310","e3c63629-fc2f-4827-af88-f0e2e7b0e653"
"1827310","aca095ab-52d7-47cf-8256-841df09c1e6d"
"1827310","2de1c173-3135-47bb-af51-ce142ef848fe"
"1827310","b06b777a-c9e5-4101-a6c1-7a2fc6723562"
"1828556","584933e1-e967-45f9-8deb-6cc25f1bc55e"
"1828556","b765db50-60ce-433a-8449-cacd1cf1beb6"
"1828556","b3ff2396-a2db-4b4c-add2-6ce3f6110d33"
"1828556","231a9746-1515-401b-a550-ea6bff06103c"
"1828556","13801563-c754-4a76-a70d-c3bb0375519d"
"1828556","1bdf83ec-614a-47d6-b310-72e734071f67"
"1828556","277e9552-7f1c-4859-a830-d1eeb5756c50"
"1828556","6e7b5498-313e-4ab9-a746-c7d092545a1a"
"1828556","38e32639-3d37-4717-b81b-292935cf3fcc"
"1828556","97263440-e5fa-41bf-be8c-6b4264254beb"
"1828556","5a7b9960-6aa6-40a4-901d-03ad8840181b"
"1828556","54cc0524-ef97-47e6-8dfb-aa586091f381"
"1828556","d5085016-0802-430a-81d5-7e026a80967d"
"1828556","b1a0ce65-e164-47a4-af4c-f2189692671c"
"1828556","bffcf295-6c14-46c1-a3c8-e70ebe54cd9d"
"1890746","2a58eb11-2b4f-4439-9fbe-5576b94695e7"
"1890746","b17ee61f-5da1-4d97-af9a-ac5dbb3ff8b7"
"1890746","654ca271-3464-4bb5-90f1-3a297d8502a0"
"1890746","323f0c29-d0ad-40b3-a6f7-aac2afb5160f"
"1890746","bd568d43-92ac-41b7-bcf5-50794cfbe892"
"1890746","119fd3f0-75bd-4cb4-a2c8-033b6ce5d17a"
"1890746","79470d52-1a08-4120-916f-93b166b12a6e"
"1890746","7c11b560-5e78-4635-9313-05ab60e9f8f3"
"1890746","085fcb97-8371-4082-996e-cad6a92f40bb"
"1890746","aafdaaeb-dd74-4e56-aef5-035ff60fc6d9"
"1890746","992da311-8adc-4d9d-a487-6c190cf109ad"
"1890746","b065247f-71a0-414e-ba64-a666a5eb9cb4"
"1890746","2ee51d93-5420-4a02-8b07-b8de05e15d22"
"1890746","58f1a06e-1fea-4673-937b-15c0aa3aded1"
"1890746","c8c8bd2c-e06c-440e-853a-dd8d172b3291"
"1890746","e96553e4-4977-4aaa-b052-e4a307ddd8b7"
"1890746","58424691-ae65-43b7-ab7e-c07f03c0d978"
"1890746","e4aecb45-c964-45e0-b32c-9cf3b3002bcd"
"1890746","145004ce-4a5b-45c3-addc-dbff80653b21"
"1890746","65f6359e-aee6-4b51-9bc8-470822808262"
"1890746","0a24e99a-8905-4118-b555-44147bf0ad8c"
"1890746","13941514-8428-42ba-8fd6-f1508996fd97"
"1890746","4251dd1b-f918-4391-bdc0-0097174a98f9"
"1890746","2d090e43-71a8-43b8-9f16-9f71dc83fc76"
"1890746","b47c6064-8581-4b5b-aa59-fa4d0007d982"
"1891488","6b3deaca-b47f-433a-aa19-dcac4a5ea38a"
"1891991","87d6851a-5e48-4c4d-99f8-f7159e4f8503"
"1891991","f95d64e3-3cb3-4d23-bf6f-e63750a648a6"
"1891991","0f565eb5-5fec-4fa9-b41d-6311cc8e9d61"
"1891991","f39f1dde-c9b2-490f-9b26-20caa30a5f24"
"1891991","b9b7865d-2337-4112-8124-97ed0c81c138"
"1891991","e604d3df-10c7-4f73-9336-7dad89d08e78"
"1891991","2f3a5cd8-3240-46ed-b709-fef3af594347"
"1891991","b7476a55-f4aa-4d8f-9462-a5aa7aa9161e"
"1891991","bec9efa4-dea5-47ff-b121-30336dff697e"
"1891991","a49964bc-eb46-475f-9a59-b94ee2b08ec2"
"1891991","9d227b4f-d2b8-4fcc-aa1b-8a9dadad0078"
"1891991","b0822d3c-b24c-44f6-90a7-90551e5b6b00"
"1891991","8ac2ef32-cd7b-4ae5-996a-aecf74d6c0ae"
"1891991","8208ac1e-d3b3-415b-8d60-d816d2f074e7"
"1891991","e0e6bb07-1a73-4546-9a64-41f9c17e07d8"
"1891991","f834f478-383c-4e00-a73b-1c825771de02"
"1891991","d2850561-5dfa-4eb8-a047-ef0f047c2d8b"
"1891991","979df1f2-e41b-406c-8fcd-d26d735f6c51"
"1891991","385c4d54-5047-4938-abbe-78cea5cbcfab"
"1891991","4a66ad11-e52e-4f3c-8a9e-12d109ac672c"
"1891991","ce295bc4-7e93-4aec-b3a4-ffc895b5a2f8"
"1891991","414184c9-5a41-46d7-8f26-2b21a1cf648c"
"1891991","9681206b-3d7f-4d0f-8dd1-5f92276442d9"
"1891991","2912697a-0333-4f9a-af3b-867a2c3a76e6"
"1891991","37189682-4dd8-4e43-b26d-3dc4ce5b60e0"
"1891991","9bf3f288-12b4-493b-b2dd-bc9feb56f8de"
"1891991","f8dbbb6b-88b5-45e6-a18a-d3a26988a107"
"1891991","625bc860-f906-42e0-95db-e1c49e2da6c5"
"1891991","255f4822-2238-42f7-a5ad-03d87629d148"
"1891991","210b202a-6b33-45e6-bea0-7d2bb48209c7"
"1891991","2929e8ac-fc5e-4542-834e-0c9dfd642bb0"
"1891991","ed916b0b-edbb-4aca-8dbe-2111d9841706"
"1891991","a161e09b-e739-455b-878a-1452eec0cae6"
"1891991","64fb7ba7-2960-46c3-8734-393f679734db"
"1891991","cb11c208-92d0-471b-b028-484fa909c586"
"1891991","ff131724-97e5-4d8e-9228-cfe76b9266cc"
"1891991","0607df73-de90-4b42-b407-800ec773442b"
"1891991","4ea73e6a-1ac3-471d-b4af-6b79bc08cfae"
"1891991","f7d10bac-4675-4970-8059-e2e01fe4a95c"
"1891991","6d00d07d-996a-456d-ae2a-78f2d54ffd66"
"1891991","a5db167f-57a8-45b5-87fb-cdbc93cef856"
"1891991","7840d46f-9573-44cd-8610-83b28b16cfdc"
"1891991","b27ec8c9-5b78-48f9-ac34-a3f3b56bf42c"
"1891991","e47e1059-0f82-4126-8bd8-5bf30ec9ca4b"
"1891991","16219aef-9ec4-4387-b707-0c8b011ee055"
"1891991","79c29031-c806-4edb-8674-b611670d45b6"
"1891991","fb7342c3-8547-4197-8a95-8517b9d2e64d"
"1891991","f5804238-ee70-48a1-b173-31db90867224"
"1893742","b04c17da-6417-4ed7-bdf3-b20d4cd8b024"
"1893742","2c0d5293-9aa3-404c-bf10-8c05a726a06a"
"1893742","845e1a47-cbfb-4890-a20e-70dade6f5877"
"1893742","6bbe30cb-f359-4e35-baea-5a3cb2e425c7"
"1893742","499678ad-8578-4314-a643-5778671120c9"
"1893742","9f294c7c-5186-4f56-8ebb-aed2e2a20718"
"1893742","5fa2269c-bb5e-41c6-8d73-ca7f32daa1af"
"1893742","de0d33d2-6d33-4f03-aab3-b25dcb749cc4"
"1893742","aad9ea3b-fde4-4034-beb3-9a8e9135be6d"
"1893742","b92ac864-865a-4ba4-8d4a-1987f246ddcb"
"1893742","ac4300b4-9efd-48b9-8e54-7284b5eebdef"
"1893742","bbb2e081-8569-4b9e-81d0-a3477e4a9055"
"1893742","447816ca-da91-4123-a1c0-495727d3aa37"
"1893742","57b92e92-7d55-4a79-85f7-a6e121273334"
"1893742","059b25bb-a46a-46c7-a20e-525ef0d90454"
"1893742","952f55ea-9600-4e5c-82a1-a6e6384fc43f"
"1893742","3d0b58da-dca1-4fea-b051-afcf4f89ee1a"
"1893742","6f549de8-c532-4fb9-a0db-cd18e22dae8f"
"1893742","b0b0a3e5-a312-450a-a240-2652f2f8be4d"
"1893742","3719975d-e158-49bc-9683-3216b5d26efc"
"1893742","d3420427-a3ce-4e0a-bf53-123a9fdbbcf9"
"1893742","20ae2198-21c6-49bc-a30f-45456f6f2687"
"1893742","92125dbe-3152-48ff-a622-f71968a61626"
"1893742","9e10f70d-cea2-4526-b49c-8b7e96812576"
"1893742","212de3de-ad34-4925-8bf3-30d357659203"
"1893742","67a1d814-c3b6-4c85-aebd-b5098d4d9b1d"
"1893742","e83374a2-55c5-4d81-aff0-ec3e583e0b20"
"1893742","85549505-373b-47a7-b2a6-46eac2983167"
"1893742","5d9fed12-6076-490f-b838-d584262eb2d0"
"1895252","b82e85e4-5dd3-48d6-b9a8-fc1f37b2b453"
"1895252","8b29fa07-93bd-4039-8ce8-3b5f2fc32fda"
"1895252","9f8c3101-43a8-49cf-aa8e-3417a969a9b6"
"1895252","cb0bede3-eb93-4892-9395-ba3721e1aa61"
"1895252","e01ad463-e7e8-4e82-8d8e-3d3e6d1995c8"
"1895252","afc12152-9fae-4a04-837c-784f91b7eb44"
"1895252","4a4967cb-fa41-4e84-bdf2-da2d6fb2563e"
"1895252","0edd9235-d09a-4184-b4b1-570e8cf66ab9"
"1895252","f86bc0c8-258d-467f-9574-3278c64cda87"
"1895252","2e3c690c-698e-4e64-b3d0-94735d5fb667"
"1895252","4b6c591f-0931-4219-876b-43b3319f1244"
"1895252","1b505215-7368-4a25-98d8-64252b1816dd"
"1895252","2b4815a4-67ef-4e22-a2a5-b16541909aa7"
"1895252","b79524d1-3cbe-493e-a5b6-c015de513b01"
"1895252","951cbcef-3799-4739-9904-1b613437a819"
"1895252","04912f0a-6c5e-4b28-b859-067a846b2c3a"
"1895252","dd3ae7f3-9f4e-4efb-8025-547620c77aa9"
"1895252","5c0682a6-b371-40ed-a733-f6b77ee63864"
"1895252","6f19f7fa-c543-4bc0-b51d-afc696ff5f4a"
"1895252","35cbbf85-2d32-4ce9-a9d8-454f8d8b3fa6"
"1895252","4f3e2100-ec2a-4f8a-85c2-1e0965ab3dfa"
"1895252","73fde1f5-b3b7-4e99-8fa4-11c4ab62ec4c"
"1895252","29831bef-ed92-4cfd-bce7-2270dd48e60c"
"1895252","f59e6145-0ac9-41da-81a5-191f2042ccfd"
"1895252","0032a69b-ca5e-4a8c-9206-4cd9d4039cf6"
"1895252","16db4526-f1da-4c1f-a0e4-02b09656950c"
"1895252","9318264d-f656-4090-b238-ab85cbc0de8b"
"1895252","1e355306-131d-492c-ae20-3161a340a369"
"1895252","b5cca78c-5c4f-48e2-ac5b-0d84d9f4f6e9"
"1895252","2344e549-3876-4d09-bf82-a9bb26e3bd0f"
"1895252","d954e628-41b4-4914-ac93-9481d7310e37"
"1895252","65ce1ea6-e99a-4800-a3a5-2767edcacbad"
"1895252","5f916952-0375-43ea-a519-fbc6ad1b9cc8"
"1895252","22197706-4ca2-41ee-9a79-3024cd2bbe3d"
"1895252","b4c950c3-38e3-4a4b-b7f5-f0c0bcbacb1f"
"1895252","f0751ebe-0fda-43d8-9480-fdfa780e64aa"
"1895252","695d17c2-47ef-44ac-91fd-3a7c15cbc293"
"1895252","81c47d4c-b867-488e-9762-4f664447f9e5"
"1895252","7de816e0-43fd-455c-b2d9-d72c80869f7a"
"1895252","b950848b-376a-4071-9b9c-7a174b1766fc"
"1895252","30c7cc09-e8df-4e3e-9298-4b7119b628aa"
"1895252","1de71aa4-e7a2-42c6-94d5-3f3d2e3a2296"
"1895252","387cbec8-ddf5-4dd2-86d3-a0becaf15319"
"1895252","0a38256f-a8f6-4375-9939-01513c8c7499"
"1895252","8f88b33d-2bd8-4d05-a7ed-e366f690b7c0"
"1895252","665996f4-cc1f-4960-9f08-c3bd6a25db73"
"1895252","d01a1e89-a407-47c6-80b9-6b3a53c63e41"
"1895252","e76d8d4a-22a8-4590-8931-e9070248f330"
"1895671","c5f69c7b-384b-493a-81b3-6eb026933b29"
"1895671","77fb91ab-6dd5-4be1-b40f-a3fbbaccf34c"
"1895671","a6eb70a0-5b15-47fc-ac09-23195140c5dd"
"1895671","3dfe263b-5831-421f-860b-b8218eee5c2f"
"1895671","1b2197db-609c-406c-bf23-f380394f7e00"
"1895671","ad6aadc9-6bb3-4382-9111-954b7783b4e1"
"1895671","13a236b2-5609-41df-a6ab-f06dcb58c8cf"
"1895671","314cdbd9-c9a0-4671-8ba1-361fc9ee6a2c"
"1895671","1d81c90b-7d16-4f4a-90d0-91c2236bf48f"
"1895671","f754b368-bac1-40bd-86a2-a8b1a63eb061"
"1895671","6d776352-e3e1-4994-9596-e708c34f8300"
"1895671","bdb27590-9d07-4ce9-8565-e6817ba25029"
"1895671","007e602d-f066-4a3c-b8dc-67656d527a56"
"1895671","b0440509-7bbc-47dc-ba76-ba90704137cc"
"1895671","def2c255-9207-45b5-8005-148298219b0e"
"1895671","130b86d3-4abc-4bf1-881a-31f8f5a55f05"
"1895671","091f0223-88fe-4be3-8240-a884c91a0267"
"1895671","dd06c18c-1fbd-45eb-8f72-2e35d5b23cd9"
"1895671","b796baf7-0aa5-4119-b273-0d2c4a81a6c1"
"1895671","728c4215-2da1-49f5-b1c7-62fb4cba2316"
"1895671","81d47fae-fa28-479f-ac3e-3c9e1fde99ac"
"1895671","7b5b9a28-bae2-4037-95e8-b1f83e06378a"
"1895671","bac46cec-4a14-49b8-9f2f-0f9bd83ef0ba"
"1895671","5379415a-038d-4f14-be79-09382c496048"
"1895671","78901e3c-982f-4f5f-80fd-460e0e6b0f1e"
"1895671","778dc645-7c2d-451a-9ecc-de7f124c0414"
"1918245","0b17be76-d333-41b8-bf3f-fc0c327ec14a"
"1918245","04100b06-76ba-4b16-893e-aae2814e0eb6"
"1918245","302d0dde-d0b6-4945-b3ab-fda0a2828135"
"1918245","41941ba9-df82-465e-ba01-6a5bff26a6e2"
"1918245","1631642c-4bcd-4d07-af72-91294e5772b3"
"1931043","956dab4a-f56e-4cb9-a158-6bfe8f6d8f41"
"1931043","b07e0197-a140-436a-ae97-3f6bc5658f06"
"1931043","016ba882-3646-4146-8e12-63f0b8009c22"
"1931043","0b354d72-6e3e-4c74-be28-73cea866c375"
"1931043","e5680b62-006d-4798-8d0f-62d4cdca45fe"
"1931043","ef368a2f-3942-4c1e-8307-09cba161309c"
"1931043","467980b0-605c-441d-a50e-25508ca9acc0"
"2032663","ee94a31c-a6f2-4db9-a79f-5ec7aa0fe684"
"2032663","e96c6bec-1287-427d-aea4-bd9aaf1a4cdb"
"2032663","a310c76c-bac8-4077-aa71-e41decdbe04c"
"2032663","e537e419-d1a4-4ee2-a345-b31ff67bb02a"
"2032663","a371d2f2-1b58-4ae2-aea0-a0e2881e9ae9"
"2032663","e06417d1-5e25-48f3-b9cb-b67fdbd00d47"
"2032663","e65dcab6-665b-4663-8217-0b439fc757be"
"2032663","752a949f-417b-4acb-a97d-49fa188d9651"
"2032663","1a3e8e8c-19b0-4e27-a2ab-d884c5cda710"
"2032663","eaf42078-2714-4610-867b-9012207732f9"
"2032663","0c9db822-b4e2-48be-9a34-6ed8b2931cc0"
"2032663","6802cba0-cf82-40f9-bde9-3c2019cb337f"
"2032663","aa8e37df-ab9c-46e3-9005-1539f3733848"
"2032663","c2dabf65-cfb3-4ae6-876a-a6ca1d18873f"
"2032663","33e5b1c5-9ed2-4770-9db7-fed4bc240c77"
"2032663","8ef1a15d-abc6-4c5a-b93a-aed8932b8669"
"2032663","5e6594c8-0ea5-4ee8-bf87-b4a99e265cf5"
"2032663","b0373ac8-be93-4378-be3b-2739218fcc63"
"2032663","bba5fff6-553b-4b57-b59e-da24bfab2617"
"2032663","bf5b9f70-92e0-4bf3-8225-972a588590f5"
"2032663","68508410-e721-4e8f-b47d-94c1db92212e"
"2032663","56ae719f-0826-442d-9c8a-6acaefe4e0fe"
"2032663","9fac990a-82d8-4ade-b41d-2a3bca8a82e3"
"2032663","91b216d3-7efc-42ff-9502-20df6238c768"
"2032663","78f950d7-6f56-4984-a0ea-0d97676cc58b"
"2032663","c5a3a259-78c3-41db-98d5-12fdefa7dbd0"
"2032663","413d329b-1093-4519-a13f-4c31bd7716f3"
"2032663","759f2b8b-62cc-4ba5-a3f9-9ebae87661f6"
"2032663","ef58b9f6-6e6a-4a36-8129-a38ab70d1621"
"2032663","66003a00-494c-4546-988c-1c607eb1fb92"
"2032663","2f84c912-766f-4577-b3ec-4137b762e5dc"
"2038289","5a140969-d086-4a6d-b0b3-ec30463f40e4"
"2038289","92eeb26e-e569-41b3-9195-3b1dd965c0a0"
"2038289","81223cdf-d196-458f-9f97-a95fd4c9f729"
"2038289","570ffc78-df05-47e3-90be-7fedac57f263"
"2038289","19b344ec-733c-4fa8-8cc8-938bb3817426"
"2038289","4daf1e6c-cf22-4ae1-a06e-d53b4cd38611"
"2038289","5aed858a-a362-42cf-aa5d-7c4210416f70"
"2038289","c0652590-cba3-4ca5-a1e9-0ac85aa3d2b6"
"2038289","7d7a7b30-0495-48d3-bc25-f7a18f0eb955"
"2038289","37d3afe1-2502-4509-8d12-050176b336aa"
"2038289","882c540e-d812-466d-9d96-03b97da4f00a"
"2038289","9ade5ff2-90d0-40be-a812-52f7fcecd932"
"2038289","adf0da92-6bc5-4a67-9358-eabe25e1d07f"
"2038289","0bb07d93-9878-40dd-8c88-30700d01e66b"
"2038289","4710da8b-9b6b-44c3-871d-cfac0ca1ad3a"
"2038289","04c68e5c-b100-412a-b39b-ccbfc90165e6"
"2038289","9b8fd40a-729d-4ad4-95bb-61e57c3f7d6a"
"2038289","a64a95e1-68be-449e-b09a-503408f3de1f"
"2038289","498394ff-bbd4-49fb-8954-33660c95ab75"
"2038289","1e9dffb0-2824-4c81-a73d-aedbc3d98318"
"2038289","29eec9a1-8722-48fb-8b9a-aed669795312"
"2038289","74021bb7-12ae-4c7b-a8ee-eb27d775db08"
"2038289","bdb40b30-da3e-40fc-8218-4134906c0e01"
"2038289","ee073e7b-2544-4c16-8444-69a1ad58096b"
"2038289","245ae376-f430-432b-af9b-f072414f91a7"
"2038289","8c0813fb-5bd9-4ce0-8ee2-6afba3cbe81a"
"2038289","b6b5580b-008b-45a4-8b5a-3da7a94913db"
"2038289","9f9710f0-63fb-4987-8b5e-d3da2070fed4"
"2038289","defb8413-4cbc-457d-aba3-682f04fb6246"
"2038289","d29cb76a-87b2-44e5-9103-9526bfd9b35f"
"2038289","f2d37774-dc07-4a16-ac7f-770285532d7e"
"2038289","8a93e4d9-c7e3-4628-8dd9-939fec16818a"
"2038289","1f92688a-5c1a-4fe1-baee-ad2b2ae7899b"
"2038289","c0cd2c89-6cea-4347-a0c4-72b1f56422bd"
"2038289","c1d1c79e-a85f-420a-b8d1-fd35f7c98138"
"2038289","735e4d0e-1cf2-4336-a05f-13611524821d"
"2038289","9a2f4ce4-b5a9-4433-a17e-28ca4c1b56b4"
"2038289","4d26cca4-1930-4692-a42b-8900d4f1728d"
"2038289","6916f310-1d90-4353-958f-4991d3a75f4d"
"2038289","e34c8486-2408-46fc-99c2-2bea17eb0e13"
"2038289","d1c13ebd-7b0c-4344-995e-909937b3dbce"
"2038289","711f5d10-e2f4-418e-b276-58824124f15e"
"2038289","cba220aa-3589-4f14-a996-bd97ed757787"
"2038289","4cabbb34-5f8d-4a5d-a2fb-5bd5c21d6908"
"2038289","aeb5e5b3-136f-451d-89c2-6c486490fbee"
"2038289","c973e15b-4a9a-47a4-8883-91b4b448ff85"
"2038289","eabacd00-ed78-4bd7-9f31-36e18b7f3bd9"
"2038289","cd558acf-f494-4032-bf82-cd7395256798"
"2038289","455cd2a8-4e8c-443a-bca9-1e64fef8a697"
"2038289","c8a1fa4c-fd14-4f0f-abed-a1c396fcff11"
"2038289","2684db14-29b1-49b1-b7df-c73246a8b397"
"2038289","f23d5120-1ab0-4495-bd9a-0ac20b1f9c8d"
"2038289","6aa6fce1-d749-4ad8-bb22-fd9946a7b264"
"2038289","10c7dd9d-5158-40a9-9802-b65ceb0fd5df"
"2038289","ac9f26f2-e85d-403c-9dfc-4911c53ac32e"
"2038289","3df38dac-007d-4cbc-8c6b-0b6e726601bd"
"2038289","dd0d060e-b51a-49f8-a610-cee1ac472e74"
"2038289","6bb72efd-3c5d-4b29-94ed-a2461075ad09"
"2038289","09d34e8d-a0bd-4af6-9828-e32b94147009"
"2038289","a995c826-5403-4e52-850e-8ba6392f0f0a"
"2038289","591c27ab-8a08-4ce0-b0e5-f458ad18ee77"
"2038289","97fdfd0d-1fd8-407e-9f16-843100a9faef"
"2038289","9f3cab5d-c2b4-4bc1-b31e-04ff1e48ff2c"
"2038289","2cfe7c44-95df-49dd-bfa0-8f0655347138"
"2038289","55494a94-6e4c-4e31-b5ae-0c708cc1f6e6"
"2038289","70da46f5-abc3-4916-8cc0-f44873e81567"
"2038289","3a27b9b6-e799-494b-a071-43ab21d24140"
"2038289","9839c85e-ad80-403a-9489-0ed3cd4b4e46"
"2038289","9c9795cd-013e-485b-9c55-5be99742ddfe"
"2038289","8ead2098-6271-42fa-9b26-24c367e891ee"
"2038289","3ee4af89-e035-44b7-a117-81ea3311f23e"
"2038289","3d6beacd-18d7-4fba-a4ed-50816b7af5c6"
"2038289","ec51f773-1d88-4eee-ba95-2dea10a353ab"
"2038289","a120b9a3-d292-4dd4-a955-1c8faa386a29"
"2038289","d0a6a822-a9be-49d0-ba86-21104e3e8f69"
"2040581","75737a24-0e95-450c-88e0-2058bc035ea7"
"2040581","fe8e6b28-709d-4d9c-b638-d522faace856"
"2040581","8a2b3784-5937-4273-acda-186a60df8844"
"2040581","8fda635e-56e1-4b5d-af26-17e734e9962f"
"2040581","b0fec454-7546-4395-a9b2-94fbfd92e0ea"
"2040581","fe83ce7d-2e4a-43af-9e7c-29f9ab022ee7"
"2040581","c0930654-3874-4fe3-9083-44c63b1ff50d"
"2040581","4e5c216d-a75e-4ba5-bc13-cf5b15498ce8"
"2040581","2a57a21e-f4bd-493f-b573-5fb3c7ba3b71"
"2040581","46a85e8b-bd2e-4269-98bf-1d5f88b62081"
"2040581","34fc01be-0ccb-4d6d-a141-d57e5a8fdab1"
"2041074","51eef5a8-65ff-4afc-a164-82cb97554db7"
"2041074","2a0600fe-fa59-4bd6-abf9-d82563c6fc17"
"2041074","27e7922f-37dc-456b-b795-d212ad7097c1"
"2041074","cd014f1a-80d2-4115-aba3-bdec1f74b60e"
"2041074","9f8f05b9-265e-4105-9d67-ae4963661a60"
"2041074","24d8f5bc-025d-4270-b49e-f5f8a1e47c41"
"2041074","8b04a188-2727-4de3-b59f-0612c074d734"
"2041074","645d2474-8d8a-460b-a6f9-27a2e015f6cf"
"2041074","d27cf395-4e35-4bc5-9da6-42e9353d2853"
"2041074","87f2e97f-339d-4155-9a17-fc129f30ede4"
"2041074","b1722506-bee7-4790-9d2d-b968e8340ff3"
"2041074","2d897ca8-c35a-41cb-aa94-623f1821d0d8"
"2041074","c80df36a-8ef7-4ecb-a905-6499ae6f9bf6"
"2041074","a0bdae3c-0bc9-47b0-a89f-bbaeb7b659fa"
"2041074","56f85b0d-8436-4733-b748-56d49e83932d"
"2041102","839fef1f-369d-4164-a19a-e52e39206a2c"
"2041102","0df828cf-b66e-4901-9bf7-ae4bcfafb276"
"2041102","efe0a11d-0791-4aba-9da3-71ee9d0331e9"
"2041102","c7077640-e79e-490d-8680-0fe1b36a3ae5"
"2041102","2d5f68cd-816f-4f73-8dd3-6348f331ead1"
"2041102","9408ab69-2d1a-4699-9c00-d791ba19ff5e"
"2041102","a5887219-b5de-43ff-bc8e-0a6d47126f85"
"2041102","cfefb541-4888-46cd-9f99-be37bbaa6042"
"2041102","25807050-3772-4e2f-b574-26b482fc8495"
"2041102","f7cbbe01-76c9-435d-8ff8-369d989e8c66"
"2041102","2d903d14-7d0a-4406-8616-d082e08bcb81"
"2041102","65f55532-85ac-4b9c-bd22-f1715796cac0"
"2041102","d4ed8d38-9312-4f44-9d42-f38d06113b80"
"2041102","9e6ea020-bef5-403c-bc1e-0fe3d1b2f58a"
"2041102","26c26d97-5939-4b77-906e-286dcaacaf4a"
"2041102","9cfe9623-54a1-4c0e-949a-a17ea4d09fe0"
"2041102","b8f45114-f2b3-4da4-a718-e35d3168d778"
"2041102","4097c177-fcbd-4722-9b1d-3a3545ef84a8"
"2041102","7c43561c-012f-4725-bd36-6df78e2f5489"
"2041102","7f568acc-a026-4740-8d97-7e5494558422"
"2041102","cc4739bd-e24d-46b9-81e8-d12070e950e4"
"2041102","f7577648-5d28-4635-9ed7-b98f86f12095"
"2041102","9f8e7c96-9bbb-4460-b5af-a62177e6f041"
"2041102","f1c2d1fd-d736-4509-be9d-f36c1441ec1d"
"2053675","d6401e44-3c9e-491f-a3fa-642075bf95b9"
"2053675","d6d8d5ac-e18e-4157-b43a-afc3f12e2ed9"
"2053675","6c3ba42e-2cfa-4cfa-92e2-abecc01daf06"
"2053675","2edf356b-ff54-4078-aa33-7f0149df621c"
"2053675","7db22d49-211f-4e87-876b-2cf3e20e390c"
"2053675","bfe9984c-5481-459b-a52e-9669dced3a6d"
"2053675","1671e7e1-6d4b-47fe-925d-5df6f4119c4f"
"2053675","e42d4907-4ee2-41d4-ba5e-bd0e60a30693"
"2053675","1a82342c-46a9-43ab-8ffe-f47de9a2c59d"
"2053675","32b2fcaa-d53d-4782-a564-b84b6ac0f776"
"2053675","6a177af8-c181-4485-b6ff-22354babb876"
"2053675","2d003370-3089-45a1-9e14-7efed03b9241"
"2053675","15f3f218-d4d4-4933-ab12-b08e97a92bbb"
"2053807","ed8cdf46-0f61-4f9b-8731-06581edda9ff"
"2053807","fec26a91-4e16-4a04-89aa-dacf50a67d60"
"2053807","d838708a-9202-4c7b-a18a-b4f792bc2396"
"2053807","2390eb73-7b31-4a46-ab3c-91e6037e1135"
"2053807","33c7ff50-c6fc-4674-b92b-1e8e9055cdd8"
"2053807","2802c58b-9e36-4284-9126-f2d9110a7b85"
"2054279","b65b4fc2-7102-42dd-824f-19a63ac63265"
"2054279","107bf771-b3e0-4324-93f3-7ad7d404af21"
"2054279","1517e866-9e66-4baf-b9d2-c3f45b0a09fd"
"2054279","e4038451-fe34-45b0-ba42-d0ab8178191f"
"2054279","c47446a8-18de-41d9-bf04-5e413fb86397"
"2054279","3debd8f9-6ce2-446a-8747-d0f5d7a1d95b"
"2054279","e66e3c9c-e757-4171-acd4-86499ce3a2e6"
"2054279","b6891f91-7c08-4d86-82e4-a4cbc1d84d74"
"2054279","dc6848cc-5ec8-4cf6-a231-01ea2b81f516"
"2054279","db2ff9ed-461b-4ac7-88f0-85dec98d449a"
"2054279","3b592f71-434a-4ef4-a307-2d6f5ceb3306"
"2054279","5f67c5dc-a421-4f2c-aa01-25b5c373cc63"
"2054279","9e69c017-d018-4af4-a54c-b01e8b6a0684"
"2054876","b75a60af-e6c1-49e3-bd18-51c34919b5b8"
"2054876","989b6cc3-6bca-4b5f-9b30-3e278209c200"
"2054876","ff817b65-9b6e-4aeb-8ef4-0842ca099fcd"
"2054876","64413913-bfce-456a-a292-7a2fc971fa6b"
"2054876","8e62f7be-b0b7-4440-aa64-1b15ef0f02e7"
"2055693","e9f09df3-2ae7-405d-aef1-ab05848ea636"
"2055693","7df32da1-6fee-4e94-89e7-c02303039f55"
"2055693","7893f785-6cec-430e-9b97-0d005cf8bd2e"
"2055693","a39ab7a8-ea18-4696-b4f3-4299f01bc39c"
"2055693","c9045f07-d7c4-443a-86ba-b17bea0c5b6c"
"2055693","52037699-2d6d-4225-900c-39e029fded15"
"2055693","a912c7f1-2854-443c-b283-859cf25be5f6"
"2055693","66db449d-41d7-43fc-9b53-0efd95e66562"
"2055693","97f98ed3-1491-4109-bd08-05280b7edf9b"
"2055693","1d271429-c7c2-47f6-aef3-57ccc66743fc"
"2055693","391cce7a-c6e1-4ab3-a12a-8585f73d0fda"
"2055693","1c2f72ec-85fd-4383-9e87-6ea3088146e5"
"2055693","10be1b9b-0fc8-4a38-a0b3-82068e3bca41"
"2055693","9e78ae7c-cf14-475d-a4ce-7cb5effca573"
"2055693","ddfd0b1c-de46-4e24-b4c3-33dde77a8eb4"
"2055693","08063375-1ee9-4e53-87bd-2705c7301dbe"
"2055693","e9a8ab29-c6f8-4d29-8259-224e9492752b"
"2055693","67d600b9-d735-4a50-a332-e37bdc0ae710"
"2055693","7df81212-8b87-47f2-80c9-ff65a8d9d378"
"2055693","8b9d8143-456e-4b0d-9c9a-6fb5ea3abef9"
"2055693","9b954571-fca7-48c8-abca-b5e2ce31925c"
"2055693","631dc664-12a5-4659-b1fd-75ed054d5526"
"2055693","35bd454f-31ef-4b2a-a207-151de26907b6"
"2055693","49bee55b-d6bd-431b-9a57-73ac24286472"
"2055693","49abee5d-77ba-4a86-b66b-0c6b4bc1102b"
"2055693","60810411-34b3-4961-b523-f748b4ecdb2f"
"2055693","b7b14e01-8db4-47ce-838e-b8e5dc2de1f6"
"2055693","588a5066-2c7c-4500-90d6-b2f9e7f0377e"
"2055693","791daf30-637f-403d-877b-c2cb3ad9a209"
"2055693","cf474311-42c3-474d-8269-f863a33f6f1c"
"2055693","ddb540e0-72a3-4c7b-928b-99692be996d2"
"2055693","1062f39c-f2fe-486f-be0d-19367d935820"
"2055693","506e389e-3a20-4edb-826c-72749e8f3fb0"
"2055693","923fffd6-6b17-49e0-a1bb-ece1ecd4545f"
"2055693","0ddea366-d4dc-4597-92cc-1268c3e7ea7b"
"2055693","157fe52d-a2a4-4325-a7a8-4e4335d0fa69"
"2055693","ca3af18a-0911-4762-8716-f07069fe8bfc"
"2055693","24381dd3-9f75-4540-85b8-7b676a56ff17"
"2055693","314e20f2-169d-420f-86ea-1371879e3936"
"2055693","a79a3b2f-da18-4176-8e92-ddd66336a820"
"2055693","db29fe0a-b60f-4d6d-b840-282e8a9ba004"
"2055693","655120f8-d703-4765-a1a1-0112b0243e5c"
"2055693","a0332bba-d9b6-4f0d-b8c8-690c8875a076"
"2055693","b20de4df-fea0-478c-b770-235678e1c5cc"
"2055693","08e75f2d-fa38-4b9d-a10b-52165a6d11e0"
"2055693","401bbe77-942b-49c6-86d0-c06c784927f0"
"2055693","723aa80c-cd41-4a56-95ff-181e68c09ae8"
"2055693","65f6ee36-2d0b-4574-9c8e-5e80308d1d96"
"2055693","1992e0b0-1fea-42e0-b81d-b838b3ee8f3c"
"2055693","460bd750-f55a-42f1-a349-950a141fac79"
"2055693","3461072e-8835-48b0-b67c-61b6771e977c"
"2055693","e564e311-5e6a-4d77-9d03-c73ca0eeff83"
"2055693","54230056-bd05-482c-8deb-70412473e146"
"2055693","d7c119c5-3def-495d-a249-8085101a5949"
"2055693","eee66cb2-188b-4651-bb5a-0bf0f29718ff"
"2055693","e512736d-ae13-46d4-997d-f625e0f02941"
"2055693","f030f5a7-ae05-473e-bc1d-dbe26a8f25b8"
"2055693","7f68e2ec-5781-402d-a6fd-302acc0516dd"
"2055693","0306bd92-2edd-45fc-a529-8ec0807d12a8"
"2055693","7ca9c46c-2d0f-421a-b5be-60f037c15953"
"2055693","8afb740e-14b2-4691-8d92-082c471bed44"
"2055693","990dfce5-4d7d-4c3b-8241-8e2dba2cf11e"
"2055693","22c6cbc7-fb20-44db-bdeb-9cc2ada389bc"
"2055693","4e9cf20d-5c49-489f-889e-27edb68c5375"
"2055693","bf019ec0-430c-40b8-8f30-8747024b451b"
"2055693","7937c6bf-415c-4837-8fb2-7ce8e6890836"
"2055693","0ae0a264-66fa-4250-b1c0-6a89cbed4ecb"
"2055693","f9176108-dced-4d7b-ab72-b7904c5ed758"
"2055693","d0447684-413d-461e-97b0-2a32001b7aec"
"2055693","1df9f972-4b01-4029-9f8b-d292e9c7f63a"
"2055693","f42f8fed-7975-4f87-b454-3a4238ed1116"
"2055693","cffc41c5-8d7e-4e2d-8894-e8d56c736848"
"2055693","c82ebdca-8732-4e2e-a9ab-1049a5d7d179"
"2055693","0161f9ed-3bfb-4d87-99d4-de2e041250ab"
"2055693","afdd3221-d804-49b9-996b-83b2485b1dab"
"2055693","8b05f587-517b-4407-87ea-83f395b322c5"
"2055693","95dcc5f5-f172-4c64-b7eb-73c4efd1ea69"
"2055693","85d9436d-d888-49e4-9142-e3f83405e76b"
"2055693","c7b46d9f-c4c8-479a-b165-c0a873eb51ed"
"2055693","7a52797d-84e2-4ae6-b5f3-c6a3caf9eb10"
"2055693","e6c3e262-1258-45c9-90f1-422121c56daf"
"2055693","888cae05-5ef1-4c45-8ffb-0e3e5ce2f874"
"2055693","8ea36fe2-13b6-4733-ac08-c76ef8f9b208"
"2055693","926b64df-2ae6-46c5-a194-a044707adf57"
"2055693","514ebcf7-89df-44ae-8b52-0838a307e8ff"
"2055693","8ec7cd36-8fd2-4c13-88d7-159a360ec3f7"
"2055693","88b0b5ce-5bcd-4bdb-bba5-be5c292ab73c"
"2055693","0e9e10f8-4561-4a5d-852f-8d4f2de416f4"
"2055693","9c600529-2c7e-4a80-a339-1e267e4f83c1"
"2055693","28ce10eb-618c-4cc9-98ac-6111b8fd19fa"
"2055693","d2b34b2e-5a0a-4c99-af69-9e501cfa71ff"
"2055693","e0fb203a-2fab-4fb1-a709-b63c7b8a6620"
"2055693","20443df6-17cf-4e47-9c54-7bd8edac3c7c"
"2055693","52e8c4f6-25db-4ca2-b92f-8c886f27db5a"
"2055693","1a94d710-ab5a-4bc1-9755-e4025665dffe"
"2055693","4ee8b9ef-d8c4-4bf1-a76b-5d7a0f6ae27f"
"2055693","be26590f-ee6f-43f2-8663-3ebce1d1cd9e"
"2055693","89fbe0f8-abb6-4f45-9e88-b5bc8afa00bd"
"2055693","bd0b442d-a80a-48a7-9de6-5e9ebdfc2a1d"
"2055693","d5451a33-9729-4bbb-9a26-13fbd2ad8dab"
"2055693","bae8240b-95ad-4bae-8956-ccdd3b945b77"
"2055693","80bdb96d-c757-4452-b8c9-e3c2f78d4fc0"
"2055693","9d116057-a858-465a-953f-63fc32a0a4db"
"2055693","42d6e3b2-1e28-4eed-b2f7-98dda8ad1f71"
"2055693","627a76f9-098a-4887-8ab3-bfa27bf95b3b"
"2055693","bc76c6c7-25a6-4a7f-92c1-0bd147201722"
"2055693","04e35aee-0181-4f17-b05a-87e1cbed0fca"
"2055693","1eb86fb5-7325-4987-927b-80f2315236cc"
"2055693","f3f2eb48-b5b9-4373-ae7e-96a491399f7c"
"2055693","fb8fd127-50c9-481a-a1c7-757d26edf622"
"2055693","6d0903ad-8ef2-40f9-b3b4-053853647c5b"
"2055693","fc26b5ac-0684-4619-9d89-d4c962333753"
"2055693","d0eed264-cb2d-4859-8dd0-c928dba08db8"
"2055693","7336eb91-6a29-46b0-a17c-8193cbd8f309"
"2055693","b9379181-3067-46a2-b0fb-ff9f009f98cc"
"2055693","10d3c177-da91-4dc9-b0e0-075998a1f72f"
"2055693","d3363f06-aaa8-4952-abb3-5ea7af16133c"
"2055693","f1e9cea6-ce1e-4e3e-a18b-867b331d7293"
"2055693","ba70894f-3704-4ddf-a2ba-593352654590"
"2055693","8a10239a-78a4-4991-9111-c33de1921445"
"2055693","2377fcdc-d5be-486c-8a8b-9e35fe259482"
"2055693","d22e66d7-949c-40d1-970e-087720e5eac6"
"2055693","9256a0b7-cc76-4dd5-961e-846d431f7504"
"2055693","21d0b9e4-5ee9-4a8a-ab2a-df62f9f42a4f"
"2055693","a328d029-bd0e-4377-9cd4-94b7a43429ef"
"2055693","4b500103-c233-43e8-89f6-8ee1596c1d83"
"2055693","0c512adf-3e95-45b7-b8ea-3efc5811b2d6"
"2055693","d52dc2c6-16a7-48f4-b96d-bfb0390c5b5d"
"2055693","3398fd6f-edbd-4e48-bc34-e694673d6946"
"2055693","24d3c7d2-be3e-43d7-8486-b7b346d32fad"
"2055693","3c8e12e7-5a47-4a9c-924b-22cec7b53ad0"
"2055693","01182f89-eb0e-4c96-b9de-2d553f52554d"
"2055693","dc8b7055-398c-4075-a94c-00766ed4e35a"
"2055693","14ff2bb7-97e5-445e-a8c8-b45dff64e525"
"2055693","42a7dc4e-5070-4ac8-9be3-238518e8deff"
"2055693","dd178881-fc9a-426c-83c1-3d98e2b1b628"
"2055693","eb8f0dda-cbd7-4366-8034-e8206ff79d4a"
"2055693","ae850069-2ab7-4e70-beeb-7c5b41224a76"
"2055693","457779c1-ad2c-4a63-bb28-6e26cee7ba9e"
"2055693","7a67386b-37b6-4b05-8134-704367de98cb"
"2055693","47ed98d7-0046-40e3-bfae-128d5e1e64e9"
"2055693","3618bf9e-ebfe-4aee-ade9-30d40edc0981"
"2055693","110df501-18ce-46da-93c3-21b7caf2d70b"
"2055693","521dec97-92ed-4339-86f8-e5097cb7e166"
"2055693","08e08649-ac5b-4ab8-acac-d270594c6f63"
"2055693","99ef4257-67f3-4b74-a9ad-35b6ed4e1be5"
"2055693","f1c2a8f9-ccbd-44cd-b4e7-aff143aadd7d"
"2055693","17885143-ec86-4b93-986c-4417c04ed0f6"
"2055693","a7300943-3db8-4ee5-88da-f57763bc655b"
"2055693","f7bc852f-b7a8-4178-9e67-131c84dbd312"
"2055693","932e1de1-ffe4-49d5-bd2a-3697ab57d486"
"2055693","cb08e21b-ae67-4279-bfa4-7cecc0c41f42"
"2055693","c77650ae-509e-47fc-875c-6251b7e4229d"
"2055693","b86806ac-51da-41d9-9b1b-51d2306e9768"
"2055693","bdebfa8b-d762-4c49-b3a1-81e14a080463"
"2055693","4db4989a-9e39-488b-aa05-d9d673ecf49b"
"2055693","2c6e767c-8c75-4213-8512-644bb7995464"
"2055693","caadc054-e728-449b-8dfa-b10e93c39f9c"
"2055693","09207ba4-e1c4-4db7-8017-f7e7d767767d"
"2055693","fdc5e69e-f1ec-459c-a88e-ad299a671790"
"2055693","f35acfa2-8f91-4fa6-bfa4-4999954f67ac"
"2055693","6aae049f-b4f1-4588-a91f-f258ca18c6f3"
"2055693","8bfcff1a-b63e-4414-a7e0-b628ed94df6d"
"2055693","29daa80d-497c-492d-b609-53dc48990540"
"2055693","ba06b594-8c21-4618-a425-1526d642459d"
"2055693","16700888-2562-4b2d-9bcb-ed746da812fa"
"2055693","3ec4ff45-0f32-4a32-8c6b-0a096201b049"
"2055693","aa455dd1-fb23-4c13-9730-c1d28f6b4fce"
"2055693","9c69c7f8-287d-4a6d-ad32-e0b9ed00bb3b"
"2055693","afe0e83b-e21d-4fcf-9b11-aa4bd9fdbd11"
"2055693","321795b8-1a14-47a8-9e0e-1daa40436980"
"2055693","2c5d1522-0bee-4d1d-9593-8e13737e57ea"
"2055693","9d884e59-08cc-4674-8b8d-89dbe5ff7680"
"2055693","e31fa265-189b-4d84-a56c-17e2f4cdb1a5"
"2055693","be15a684-0729-4091-abf1-624ddf7a789b"
"2055693","4a582425-300f-46ce-be49-64e3ed208305"
"2055693","740b7f38-5c20-4555-a8b0-d055b96c73dc"
"2055693","f0da6d15-329d-42ee-9068-6ab73075ced7"
"2055693","641237b7-ba5f-4112-982d-1aef13d7a873"
"2055693","45ef2eae-3727-46dc-82ab-37daf154859d"
"2055693","b06724ef-5d4e-4315-8d89-cea7ba9ddb1a"
"2055693","a594363a-260f-4d30-bfdd-9765044712eb"
"2055693","78642f83-8f6c-4142-980a-c355d10567d4"
"2055693","d19de56f-0557-41e3-b464-2eb6d09b63b2"
"2055693","1fc9632d-0761-4782-ad2b-a8d9c8b0142d"
"2055693","99ea8e0f-f5e0-4202-b2cb-92bcc936ef6e"
"2055693","abccb2d2-ff32-4fb3-9129-646258891e5a"
"2055693","3238d534-9336-42dc-83a4-a5784ed7f2c5"
"2055693","303fc533-c244-4fc1-ae28-acce3728a3bf"
"2055693","2f6ce5fa-4b94-4a29-a69f-4cb00944af8e"
"2055693","31d579ed-0a3d-4563-afcd-51fb04ee4f22"
"2055693","15172cc1-e5c1-4786-8c40-63d8e5350ce8"
"2055693","8135e5f4-e813-47ec-a502-d3b7a2cae4b1"
"2055693","2019121f-c1bd-42bb-90f1-00c28cd1e30a"
"2055693","bdc67876-774c-4875-8ee4-2bec5db52cc4"
"2055693","a842ecb4-e7c1-45bb-b864-bf9e9596f8a9"
"2055693","e1b06275-5547-48c9-b17c-b58aae4b791a"
"2055693","82efd6e3-eca9-4e9f-b07f-7c201c91a9a9"
"2055693","c9cb02b5-c64a-40c2-9511-872077511c6f"
"2055693","4869fbf7-7314-4e4c-aa59-66729ccab940"
"2055693","c1063fe6-2e54-4bfd-a995-cdeaa27de7e0"
"2055693","83fd5bdf-f625-484c-a6e4-066dc9246c1b"
"2055693","007a7a70-ea73-45e6-a53f-dc004d0dfb54"
"2055693","53bf358f-f24e-43c0-85af-b88409390fb2"
"2055693","712bda6b-7b8d-4576-977e-9ab16124c5ac"
"2055693","27208274-be39-483f-adc1-75bca024ab60"
"2055693","d76266e2-6089-4aea-8714-71a4e4954215"
"2055693","6ad9546c-7587-4fa1-9794-5b762a1b7291"
"2055693","311bf09e-afa3-48ae-a770-76bc4bfce356"
"2055693","2ee3c631-aada-46e3-a804-dee5ea1b2400"
"2055693","a5671822-ae62-4a30-b4d0-870716ef718e"
"2055693","e74a6218-1066-4f64-ab7f-b55c9bdf9902"
"2055693","ff34e4ba-d0e2-4aba-b197-6c9a30f73e7f"
"2055693","435d67b7-e03a-4db3-a09f-affe497e0c8b"
"2055693","22c4991c-e73d-45cb-a59c-5399a95eb7f7"
"2055693","569e4bf4-cd42-47ba-90c8-dca008ecf1c4"
"2055693","85da3a9a-3cde-4f49-849e-8d3355b892d4"
"2055693","b992840f-a007-47c0-ba16-68d829aed54d"
"2055693","3b53ecb2-fa25-4c1b-a2e8-a8afb68de07b"
"2055693","234b5bf1-8ac1-4529-a773-5aa5146d5f30"
"2055693","54eb91d2-5c66-437c-b023-d36c1177ec0b"
"2055693","d75864a6-11d3-43fd-b77c-f020f8e20a75"
"2055693","a853b0e1-04e4-4a2a-bc97-9518116d87ba"
"2055693","068f3792-f9aa-4ec0-b85d-6519952734c4"
"2055693","2437b61e-6315-4c4d-95aa-cb1d178f1ca5"
"2055693","9759642d-ae6a-4093-83ae-673bf2e387c6"
"2055693","4e2fc565-9873-4ee0-9e5d-d17e298145e1"
"2055693","bd02f931-471c-4c94-88b5-4ea8ba4f1256"
"2055693","341a950f-8c51-4735-a803-340551cf811d"
"2055693","27c22a03-2869-420e-a5bd-4e43af5bd425"
"2055693","f2879e1f-e8ba-43d1-b6fe-baae882ab504"
"2055693","c7f8fa67-4e2a-4738-804c-8e9df58c3eae"
"2055693","2481515e-9f4d-4605-8226-952f06e607a4"
"2055693","c81bdee5-5035-42de-8df4-dfc96a819d91"
"2055693","016cf580-afd9-4c9d-8ec8-555750aebe61"
"2055693","53911d96-ddcf-40b5-9349-767e897127b4"
"2055693","847762ef-61f4-4c08-82c8-8558addce611"
"2055693","4312ee0c-05d2-40fb-89af-b5c20df7c8c9"
"2055693","88932d3b-5516-43f3-8ada-2436dfa37ba3"
"2055693","e7d8a084-91c8-4f4d-8dd5-125b8f3965e3"
"2055693","206c86cb-4172-4655-be16-95e16a9bdce2"
"2057120","8940c5a5-8bba-4d43-be62-eaace36fa1b4"
"2057120","011e7463-269b-4af1-9d26-bd82efcc13b2"
"2057120","8cabb1e7-add6-46d9-a1d0-bbd2d4e781b9"
"2057120","c337fc98-c618-4cf4-aa42-4ebe16e8b592"
"2057120","ab102166-a966-403c-a63f-b01f478c0068"
"2057120","ac1fcf59-1d99-449e-a711-e870173d3680"
"2057120","f6d00a3d-c7e7-4bbf-ab4c-052f4071e7cf"
"2057120","bd1bf6d9-4a91-4223-ae7c-65d1deb537fa"
"2057120","539d305b-0ca3-48d1-8d49-91cb4b904a46"
"2057120","efbe9902-f4ad-4e0f-b0dc-1c411ba9a777"
"2057120","c9369064-3eb3-44f7-ad5b-0201443c1631"
"2057120","3a71eaa0-74aa-46b6-b740-9ee16bec2064"
"2068922","36f69bd7-9ba6-4fc4-b22e-dba42dcb073e"
"2068922","69747e90-3456-4947-8924-33922324e40c"
"2068922","d2342fab-d50e-485e-9903-dbdc97c981df"
"2068922","7c485b80-7bc2-4251-9f81-69c764b0ba08"
"2068922","ea67157b-7a65-4d39-9e5b-4e81bc49e9f0"
"2068922","d40d7b5c-8e55-483b-8041-94653d394c43"
"2068922","468129ec-b035-413e-9e1c-3ef0c65fe450"
"2068922","4db99cd5-c457-4450-aee8-0cdff2a7ce3e"
"2068922","bf20f913-b3a2-414d-9e6d-f4359fa0235c"
"2068922","d51fa3b2-8317-4b3b-9d1a-f078d19c79bd"
"2068922","3ca70920-91dd-4503-b2b4-938166cc66ef"
"2068922","2673f8d3-47df-4371-83a2-47780486d31a"
"2068922","3c95cee8-0b44-4349-b397-c7cf9c80a6db"
"2068922","27409505-6904-4965-b99b-60e314b4da13"
"2068922","40438bff-9ce7-4585-a53a-013a456e17bc"
"2068922","fe957969-2b37-4cd9-8cc5-a99d187cc291"
"2068922","402ed3b6-8dbe-4c74-b792-8966d62cba35"
"2068922","6a79de71-95a1-4450-b460-d40de6e6592d"
"2068922","35391a21-c1dd-4b82-aa78-2f13af9e2035"
"2068922","b944a75a-238f-4840-9832-999264452ddf"
"2068922","ce35dc9a-3547-43c9-a9a3-64b7e4b7ebc9"
"2068922","57170868-42d0-4bee-ba88-7b12e83ae429"
"2087362","0bb1ebec-7475-4aed-b138-17bfd7442511"
"2087362","500d2c44-0063-4a16-a327-98458c9e2619"
"2087362","25af76d9-7e47-4a9f-87bf-e419e96f4ee2"
"2087362","568f5e4a-a515-41ae-a450-7eafa303b7b8"
"2087362","9b0ef257-fd09-4c87-bc11-d9598af7096d"
"2087362","7eb1bcfd-3571-4926-ad44-964e9c4c7767"
"2087362","fa566c69-f1b0-4a60-a0e9-3840a0ff6ece"
"2087362","07e9db2b-99b6-4678-9fbb-b969051edd8f"
"2087362","a888a399-bbff-4560-a7e9-80603452a878"
"2087362","14246471-7cad-4056-8b25-1a3241f980d1"
"2087362","881cc2e9-b346-4a6e-b221-f483dae52320"
"2087362","4d5b05fe-940c-4c9a-be6b-e9bf283b44e8"
"2087362","1d072986-e02c-45d8-977a-c43a2ada11ed"
"2087362","577c3aa9-5bc1-41a6-b7ce-a1f46725f932"
"2087362","a8e18ead-2f8c-4852-befc-664e895acefe"
"2087362","7fa5c317-a5f6-40e9-8d44-472afcee4a7e"
"2089225","061776fb-2e4c-4a7b-a1bd-229070683665"
"2089225","9b0a7d89-d4c2-4e14-bca8-44c1949985fa"
"2089225","a6702b9f-30c9-42dc-8e88-c3708c111669"
"2089225","8b97f697-46f1-40ae-9ba6-9ac7f3853d7b"
"2089225","37375a87-ec9e-485f-bc8b-ae6962a7045a"
"2089225","c39fa06f-acf0-4dca-b2bc-a1db07dc3959"
"2089225","f69eb90e-d217-413b-a81f-dbbca9912fd2"
"2089225","a9f9c312-1268-49ed-853f-97962af99c84"
"2089225","13e8cc46-0fdf-4e4e-a63f-589dcc9eda0b"
"2089225","1f4681a7-78c6-4cdf-893c-c512c60b1b66"
"2089225","92c21ef5-f50c-43cc-9ff8-d0617a90d311"
"2089225","d4683eab-2ac8-4349-a05e-35c12fd24852"
"2089225","212a7d7a-c4d8-43fb-8cf0-9e606342d26b"
"2089225","26c630c9-c4c3-415e-9fbb-7e858f8f10c0"
"2089225","6dd8d91c-940e-4af4-8d8a-bf552797989f"
"2089225","859cd55f-78f8-4812-8810-b68df9fa8efb"
"2089225","a29e8ac5-c05f-4a52-9052-3d012dfd3199"
"2089225","9a19d5f8-f61c-4f50-8c34-ee05475fa213"
"2094808","b9892c61-2525-4e5b-9f24-1f3039c95c74"
"2126068","1db0992b-2b2e-4a39-9401-ee1790fecc59"
"2126068","65dcc056-f1eb-4153-9cf6-a54801c3e73f"
"2126068","6bca6304-f4a3-4223-8584-ae5e860557c8"
"2126068","2d7547ac-639a-4a62-afb7-38f666088428"
"2126068","8df014be-ad8a-42e3-ad87-a777bb8fcc52"
"2126068","69bcf98c-1a34-4ee4-8ae2-d7af4574bb76"
"2126068","39f51ff2-e36f-4c9b-9bad-75cd945a2ba0"
"2126068","27fa3a10-f6da-4b12-b8f7-69137bb02cc2"
"2126068","cbcaa23f-9f05-47bd-b198-b3a2a322ea5d"
"2126068","007cadfb-2dec-4ac7-99e8-109822f7c4dd"
"2126068","dc3b66ac-ec32-4401-aa28-4375fce60a65"
"2126068","f374bee3-8738-4360-91bd-f9b57ae51b1e"
"2126068","cd0a0948-8c73-4c4b-acde-2afb41c315c2"
"2126068","f0c59dd6-2ba1-4bb1-a620-0baadf6eb3e3"
"2126068","3829239d-c45a-4eb3-abb0-05f80f23ccfb"
"2127231","7d44ce6c-c63c-418f-ad66-efd27e9845d5"
"2127231","ddd448b5-dac5-4760-b27a-dad158be0c55"
"2127985","70297876-ce91-439f-80b6-0deae84ef840"
"2127985","cb10f576-a10d-429d-b26f-ff515c30dce0"
"2127985","9422804f-c59b-4347-8044-b7239ea5efae"
"2127985","13abd9d9-c200-4401-bd3c-800a94869eba"
"2127985","57aa1009-909a-44ea-9470-eb65215ddca7"
"2127985","8d31db4e-e705-48f2-ae2e-c2ae1348dda0"
"2127985","5fc7b12e-9a6e-4f40-95d0-ff56db765eaa"
"2127985","c3f3f34e-3ee4-4874-9c4a-2d7c820b3be4"
"2127985","8d619b89-1757-4ad0-b470-91e0ab17a8f5"
"2127985","ad22fd7d-e943-40aa-aefe-8342aaa17b04"
"2127985","646ff9b8-a36f-45af-a0e6-c9821bb5dbab"
"2178198","03da0508-842f-4a68-94a9-1b7024a5a6ab"
"2178198","18bfa29f-7b41-4f5c-ad7b-a4f8c521a1a5"
"2178198","0d2fd3cc-e94e-4549-aeb0-20411563b254"
"2178198","f3bd7f35-6a2d-4a52-b4f6-60cf3e4ffdf4"
"2178198","157e31b6-c0c0-4aa7-9d32-7f2be6693204"
"2184893","ef4446e7-7300-4ee8-9136-3f2c6ed23ee6"
"2184893","c6f744ac-2158-49ff-aa54-002efc7b6b8a"
"2184893","5ab37ff4-3e68-450a-ac31-d3d5a9603502"
"2184893","5f5268c5-c44b-4243-912d-a738c3ca9fe3"
"2184893","7c3ac1cf-be00-49b7-850f-a27e7d4afb5b"
"2184893","cf859d86-0c3c-4135-a171-656bae3ba9b5"
"2184893","9acb0bba-8a1e-4301-9651-eb2b00957e95"
"2184893","755a7bfc-ab7c-4842-84ba-24d213c3c7b0"
"2184893","0c22533d-9da2-49fc-a512-5751a6c3a135"
"2184893","b87ab5fd-21fd-4d14-aaf3-f8a16a347648"
"2184893","747b5591-e7e5-4cb1-af6e-c7bd922bb808"
"2184893","54ff5feb-e357-4e8f-b314-fcb714af9583"
"2184893","a5e2def7-4a41-48c9-aa9b-a56e6342f986"
"2184893","4b00745f-4ec8-4894-88da-4b9b24c2144e"
"2184893","8a87402a-3e61-45da-ab60-bea4be285655"
"2184893","a6129467-6bcd-4f08-a951-3481046227ab"
"2184893","aa48f84c-758e-4af4-a2a8-f9dedcfaacb4"
"2184893","5800c512-569c-4e4b-908a-85ef189f8648"
"2184893","dcd1377e-2394-46fb-94e4-f0ff1e08d7c7"
"2184893","44eb45f6-a16e-41ab-bc69-98e9fb12b237"
"2185788","d20664ea-a488-461c-9f2b-c695358852c3"
"2185788","fb4e15dd-2817-4fac-9164-7f5178d2872b"
"2185788","ac82e9ab-2159-4d13-a5bb-03fc236c6608"
"2185788","1a551f4d-5984-42eb-b4ef-a861f09a5c09"
"2185788","02e3fa11-c654-49c6-9f30-850aa666f2e3"
"2185788","5a199149-4012-447e-bfe4-d7f3b4cc680b"
"2185788","b6f2119e-45eb-4a21-8e51-77234968bd72"
"2185788","5d6ea139-4343-43d6-aa07-6ae3ff07fa73"
"2185788","d8f8ddae-2c02-47db-a185-1829be21ed2c"
"2185788","a5c98ac3-336e-4da1-b943-567523e313ce"
"2185788","c884e8f7-db6f-45ba-8c1f-75c919604299"
"2190099","a7b84d9a-df04-4152-aebd-81dcb1357d75"
"2190099","996e4084-d0af-46bb-9cd4-93cc598c0f94"
"2190099","818c8712-b3fa-4a6a-948d-24507bc1ec7e"
"2199313","6289588f-1e81-4b4a-8854-6d0cc77e2f20"
"2199313","0298e726-4145-434b-b519-8a15df063bf1"
"2199313","80fc95a5-11c1-4347-aca2-4e38215fd4bf"
"2199313","34af0455-f955-4400-9c5e-d2d7432e10be"
"2199313","90785e76-05b6-4856-97fa-2c62867f5aba"
"2199313","8e8de238-d194-4e97-ae37-20bf648e244c"
"2199313","07a91391-60dd-4b2d-8af3-063addd5964e"
"2199313","741e6f83-7e22-4dc6-8cd4-d36270e7003b"
"2199313","f83998d4-7032-4cbd-bfd0-f2a179560e48"
"2199313","5e19450d-10ad-46bc-aeee-12c2331ab22b"
"2199313","66bd59bc-74f8-47b1-992b-3618ef581b3b"
"2199313","523e3f8d-ee0c-4bae-8e55-802e45971045"
"2199313","67fed6a8-329b-47ce-8199-640ae2fa82d5"
"2199313","7e3db663-e471-4b0d-8f1e-9ebc9180f60f"
"2199313","b56e84fa-5cc7-4088-a08e-5ea35d8d4fc1"
"2199313","25eba1de-cbd9-4646-8523-41c99a415664"
"2199313","064cd6b8-d84c-42bb-94c7-1676c2ed9be4"
"2199313","bd8b9acf-8215-4dad-bee1-59a8ea6617c7"
"2199313","13046d8a-3cd5-4c51-b778-7c82ccbe74d6"
"2199313","fe84bac2-92aa-4c0f-8b40-5334084c4a6d"
"2199313","653f7eea-6c56-48e8-b9d0-8bf7c90be8c8"
"2199313","3da7259a-f151-4680-88a5-52cf349894dc"
"2199313","020ebd2e-3ada-4116-ae94-de0b376c05c4"
"2205377","9caf7431-ed89-4f20-8be7-f40adcb45048"
"2205377","8a21d092-eb5d-4c9b-a042-3fcc789c7f6e"
"2205377","4ccfb07f-6df1-452a-a9a5-281809f35e9f"
"2205377","3f4db2a3-d66f-4d15-8884-399c1aec6258"
"2205377","4a963475-c317-444a-ab78-bf2d186d5d40"
"2205377","11440fbb-d01b-4230-952e-67091801c556"
"2206748","25381c5a-db53-4c9d-b14e-9da01245d09c"
"2206748","09c96846-7ab1-4c2b-858a-1670209b0b00"
"2206748","827cb9da-0b11-4b0d-b327-edad33761dc6"
"2206748","112fa7de-e56e-4c36-b4ea-91e19cd8b6c7"
"2206748","91268e2d-3854-48a2-814c-4cfcb5f65414"
"2206748","52b2e535-794f-4c7a-88e2-e145be841c78"
"2206748","e02b9336-9708-4e83-aa43-1db2f73d4750"
"2206748","13c9ab3c-9efa-4a43-a4c5-c8becfc7ea0b"
"2207986","48f97a35-4865-4fe9-925f-f3ab8991a11f"
"2207986","3afebe63-9841-4ea6-9d4e-7558b344136d"
"2207986","1c9da5e8-4250-429a-8415-f8f53ecbb168"
"2207986","7cda903e-8fbf-4c4c-98a4-60cfb6a27a1e"
"2207986","6a695984-6035-4911-930d-b149effa7e29"
"2207986","12e87758-3566-473e-95c8-4987d7d05500"
"2207986","01fd58c2-7b53-49e6-a0f5-310e3574d8bf"
"2207986","e99396a1-8bd0-4f72-9746-99b4544a309b"
"2207986","8fd95139-b880-40ed-b025-ee277e606244"
"2207986","29995257-8a57-4d0a-a14a-21472b24dffd"
"2207986","d5d3b6b4-f29e-406d-8166-06cdf726e900"
"2207986","5ebb5f54-62a5-4372-b272-4b1c14a8d895"
"2210336","091b6c15-10bf-4b33-9852-0f1b5b53bfeb"
"2210336","1558ed9d-81af-49b8-9950-498fe0125782"
"2210336","cd8d416e-df63-4253-b8f6-248a2bff7121"
"2210336","4a9c7e18-458a-4609-9281-bd1d0700857b"
"2210336","18592160-6e2c-4af8-a608-beb9bd9e6247"
"2210336","977398cf-5bf6-4156-8b6b-5fcdd5362d1a"
"2210336","46300d5b-7448-446f-9222-48718791a404"
"2210336","d99d4142-238e-481b-b697-9bccd2fd04e8"
"2210336","dd547098-c830-4942-902e-c12c339817d0"
"2210336","ee564867-bced-4c28-998f-61624f374268"
"2210336","78ad633a-70c6-4e7a-b312-202ef016681d"
"2210336","623550b8-9063-4c12-8a34-b251befed721"
"2210336","47d84f49-a9ed-4b41-bf6b-5e7a0a25e859"
"2210336","ba4638e5-2f2a-454c-8ce9-41fa52414450"
"2210336","f86660e7-d27a-4b46-a55a-f2f0ff8d1bce"
"2210336","d823e524-4daf-4793-bd4f-9e9e86882620"
"2210336","ff116dec-4349-4754-87af-68e1a64e9d00"
"2210336","8df814ee-c1fb-42f5-9394-3a27bc1dac52"
"2210336","e6c0500e-4d17-4480-a95c-2d17d3e4abbb"
"2210336","6e477b38-27e5-422f-869c-0afd718d8cec"
"2210336","349ff398-0680-41c1-9eed-67c0425e1c01"
"2210336","43e7b7f4-7fc3-4c0e-a3ba-daa3bc496374"
"2210336","d12abed9-ac7d-4d6f-a614-07aecce9ca92"
"2210336","85b018b9-f692-4c3f-9953-fb0c31e7620d"
"2210336","f54706b1-0332-402e-97c2-be73fb26db5e"
"2210336","2b220f0e-b147-49a6-b3f4-893b44799666"
"2210336","55b6f50b-b953-4c35-afcc-474a1907ab27"
"2210336","f5fc12ad-2c28-4b6c-92e2-932add2d8b3b"
"2210336","7a6e7ea7-1036-4191-bee7-c11475d56393"
"2210336","a9526734-e6c6-4f83-916b-a4c2e733dc69"
"2210336","986a563a-4403-4b59-ac20-f83d13111511"
"2210336","988b4e84-15c8-4b82-8a55-9f94b99c9663"
"2210336","518f32f1-9171-4ccf-93c4-341c04f3b2ef"
"2210336","70d35cc4-2873-498a-902d-5ecc36b74e88"
"2210336","561af9e2-6a0b-4ac6-be59-15891696e6a7"
"2210336","5b6c79fe-ca9b-4bc6-a45e-7972a1393b52"
"2210336","f2001c59-7f65-411a-9f61-171c5ebf092a"
"2210336","7598a7be-4cd9-4900-a964-8bd6429620b8"
"2210336","885b6e46-3ea5-4807-a141-f9a2d026c1fd"
"2210336","76d0fae2-597d-49fb-9c7b-8ff366ea0124"
"2210336","560e57f8-39f5-48ce-8533-20217b45d1f8"
"2210336","9d588847-3ed2-4e73-8507-058770563719"
"2210336","178b37ce-caf6-4237-bdc8-c2a7c4aab2e3"
"2210336","cc04a1bb-6b70-46d0-b46e-dfc818e56faf"
"2210336","998f5439-877d-47d9-8f00-9b7ed5eb8ae9"
"2210336","8f1a4ff3-1a7f-4065-9e5c-09de425e12c3"
"2210336","1a15bffa-afb5-4d7d-a2d7-23f6e369eb0e"
"2210336","177782cf-09e5-4078-a45d-1b76e1828f6e"
"2210336","e63344fd-e9c2-44e7-bcb1-88f328b1c29d"
"2210336","9ba597b9-5134-4cae-a209-3e36a3c422ed"
"2210336","b923178d-4e43-4c0d-bc47-1678c43ce812"
"2210336","5adf16a6-aedb-4e75-9251-d460af55cef4"
"2210336","ec3b0258-72b6-4ef6-899c-d05810a00ee6"
"2210336","89da5994-5076-4559-ac39-e60657689c1a"
"2210336","26febe11-7d6e-4728-8e23-2fd2f74bb2e8"
"2210336","c7c30d49-fb02-4e5f-a8d6-d43780ebc9b7"
"2210336","b9e04a50-148a-4560-9603-3e7ec4e24ed6"
"2210336","078439c3-1f8e-4e87-baff-4b05cf02f8bd"
"2210336","fac86433-3fce-4d93-bfed-221ad49167f2"
"2210336","7b0e1c18-5624-49fc-988c-a6a09312257c"
"2210336","0817d1af-5f3f-4afb-80ec-ddfc2e6cace0"
"2210336","4c71bc2b-524e-43c9-b9d3-648d7e6632b9"
"2210336","b86ff60b-2df8-4d52-a4d3-013c7d8af8f2"
"2210336","feebdbd5-2b36-4b32-928e-996d34848354"
"2210336","8e4df623-f076-4455-94dd-cc80454c8fbe"
"2210336","980f9d91-fdcb-43b2-9e8a-885451bd642d"
"2210336","0003f912-bcd3-4cf9-9de1-60464c3b0f04"
"2210336","4489b517-c350-4d11-a623-394929f2ec22"
"2210336","be21c52d-0de4-4b55-b962-87f67ee02488"
"2210336","9b5d32e8-c972-426e-8282-b5498f073211"
"2210336","7c731e0e-4fa4-4682-aa63-84daff3f1ce0"
"2210336","f4185bb6-f443-43bd-9dc1-f8c06600a93f"
"2210336","f109aff3-57cc-45f4-b158-b5ee3b8f9171"
"2210336","136c4da4-9254-40ca-85d2-0d573d6e14ca"
"2210336","36d2af92-e989-4ec0-b98f-777c42e4672f"
"2210336","3964e35c-3936-4766-9c8f-210ed623e2f4"
"2210336","540acef0-ff54-4396-acea-4ec565dbb1aa"
"2210336","57c52ef2-8e17-44d9-b062-a92c19cf0ac5"
"2210336","01c0de97-dd29-4906-b51f-ff87c74ea4dc"
"2211745","50ffaca2-859b-4786-8542-a736fd338b78"
"2211745","da637bfc-fb84-443b-8b5f-330ac178281f"
"2211745","3efdc2de-4cba-48da-acdf-c6c2aaba60fe"
"2211745","4254cab3-b3bb-4241-afcf-e0bb159bc2a2"
"2211745","b2bafb31-c107-4cc8-979d-50a83f380ee9"
"2211745","0fa3d174-60b2-421f-8d76-2859b5eed252"
"2211745","28d6fe19-3456-4589-94a6-3bc8a3eb09ca"
"2211745","033ce4ce-197e-463d-a640-c9837cee88b0"
"2211745","8f91cb59-4795-4631-b55e-002e7e56950b"
"2211745","8eca5be9-3a69-4e8e-b369-1d3dde98a289"
"2211745","9628efed-b822-42a0-92db-571e00edc4fd"
"2215657","a25b662c-6cf9-4c0f-a9cd-431aa18848bb"
"2215657","d09de71f-dc95-49b8-8d3a-13281a4f75d8"
"2215657","413ef620-2f66-4def-96ab-6f26fcdc3235"
"2215657","a77d2a7b-7939-4a37-a53e-50224645c9c4"
"2215657","82011114-ddde-4365-97ad-caed1fdd6003"
"2215657","83478871-9f4f-42ec-9994-c05723504857"
"2215657","5a3a6fda-3546-4622-96e6-1318202069ba"
"2225165","dfab4765-3df3-4bdc-a1ea-86b835555d24"
"2225165","7c090e84-5e3a-44c1-b6dc-bdbf95dd9e5b"
"2225165","8a20ce4d-5ce8-49d4-8106-f157dc1676a8"
"2225165","19d135fc-33e1-4da3-9127-48667412f977"
"2225165","535a5531-edfd-40e7-9547-914df1301f82"
"2225165","ae9487ba-bc22-4a48-97b9-7a4a876fd182"
"2225165","a1656b8b-3276-4f22-a59b-3a52b90bcafa"
"2225165","847b2d28-1c7e-40ea-9f3c-60080fe9a6a3"
"2225165","88ff2408-9be5-40dc-a07d-b421190448c7"
"2225165","8639155e-3a91-4d25-a6f9-2dc1ad2e72fc"
"2225165","b8906c95-b108-46cb-8f30-e948dd3477fe"
"2225165","1cf1293d-2773-49e9-9af8-3385e4a229a6"
"2225165","c4e9d779-4f89-4f7f-929d-bd02a72252cc"
"2225165","a85438fe-be82-4b84-8789-1fe55fde7e7f"
"2225165","9c8a9ee3-7644-437c-bdf6-56aee1f8f510"
"2225165","58c6ecf0-90bf-4095-b006-b896c005c3f5"
"2225165","f3aad08e-743c-4802-9491-8aed61f23f28"
"2225165","e125d3c3-a3ac-4020-8e69-76c6adee8fe4"
"2225165","2daa904c-7ad7-417b-922e-a619e1fdd46d"
"2225165","55c936fe-9ce6-4d2b-ac02-8ba22c2464a0"
"2225165","ea75eda4-6c99-4e96-b203-cbb2ec1308a5"
"2225165","7a1d3aa0-665a-4512-96e9-e60869f72d65"
"2225165","8006e985-b7b3-4bd2-acdf-8997d0f40d30"
"2225165","db0c5e8d-1e62-4f5d-9ca1-a81b53ee0db2"
"2225165","a8b19e5a-e13e-4168-8a1d-07c29a4146fb"
"2225165","a4696f81-b019-4ceb-987c-9192be8d3ffa"
"2225165","aa40abd5-94ac-4f91-bb92-a0d5c51e9d03"
"2225165","bf71bbe4-7d89-48cf-b012-1b65db9216d4"
"2225165","70d9b7d7-37df-4171-bb9b-4a61959a9ce0"
"2225165","0eb9898f-537c-4dee-bf40-557f6473b6fe"
"2225165","bd8a7290-7935-4ac0-a878-c22ffe748907"
"2225165","b94625dd-555c-481d-a87c-994b35f44cbe"
"2225165","e9e748c5-f8a2-4809-a8ee-06f5787f942c"
"2225165","6b2375c0-e1ee-4829-bed1-973353ec6017"
"2225165","23ea98f0-a559-4f65-bc97-9c8bb5ea7f89"
"2225165","60f37917-26d1-48fb-8c6e-2b4725005429"
